SampleID,BarcodeSequence,LinkerPrimerSequence,index_1,index_2,plate_ID,species,wild.captive,species_wild.captive,clutch.nest_id,clutch.nest_id_corrected,nest_location,clutch_success.fail,clutch_number,clutch_size,hatched_total,banded_total,fledged_total,female_cohort,female_hatch_date,female_c.band,female_combo,female_old_colour,female_age_cohort,female_age_date,female_lay_wild.captive,female_hatch_wild.captive,female_rear_wild.captive,female_rear_parent.human.foster,female_experienced.naive_social,female_first.season_social,female_total.partners_social,female_total.partners_genetic,male_cohort,male_hatch_date,male_C.band,Male_combo,male_old_colour,male_age_cohort,male_age_date,male_lay_wild.captive,male_hatch_wild.captive,male_rear_wild.captive,male_rear_parent.human.foster,male_experienced.naive_social,male_first.season_social,male_total.partners_social,male_total.partners_genetic,AIL_date,mites_detected,nest_replaced,collection_date,est_age,est_lay,1st_egg_lay,incubation_start,AI_start,AI_removal,laying_gap,hatched,hatch_date,est_death_age,est_death_date,re-est_lay,band_date,fledge_date,fledge_age,hatched.unhatched,species_hatched.unhatched,wild.captive_hatched.unhatched,failure_stage,COD,development_day.13,clutch.hatch%,swab_date,swab_time,freezer_date,freezer_time,swab_date.time,freezer_date.time,freezer_delay,swab_day_parentalInc,swab_day_lay
AB-3-1,,,TAGTCTCC,TAGCGAGT,plate-1,Hihi,Wild,Hihi + Wild,AB/3,AB/3,,S,1,4,3,3,3,2018/2019,N/A,CP13045,O/M-O/Y,OM-OY,1,,Wild,Wild,Wild,Parent,Naive,2019/20,1,1,2015/2016,N/A,CP9218,R/PU-RY/M,RV-GYPM,4,,Wild,Wild,Wild,Parent,Experienced,2016/17,2,7,08/11/2019,19/12/2019,0,N/A,,N/A,10/11/2019,13/11/2019,N/A,N/A,0,N/A,29/11/2019,,N/A,N/A,19/12/2019,31/12/2019,32,N/A,Hihi + N/A,Wild + N/A,N/A,N/A,N/A,75,27/11/2019,08:05,27/11/2019,17:45,27/11/2019 08:05,27/11/2019 17:45,580,14,17
AB-3-2,,,CGAGCGAC,CGTGAGTG,plate-1,Hihi,Wild,Hihi + Wild,AB/3,AB/3,,S,1,4,3,3,3,2018/2019,N/A,CP13045,O/M-O/Y,OM-OY,1,,Wild,Wild,Wild,Parent,Naive,2019/20,1,1,2015/2016,N/A,CP9218,R/PU-RY/M,RV-GYPM,4,,Wild,Wild,Wild,Parent,Experienced,2016/17,2,7,08/11/2019,19/12/2019,0,N/A,,N/A,10/11/2019,13/11/2019,N/A,N/A,0,N/A,29/11/2019,,N/A,N/A,19/12/2019,31/12/2019,32,N/A,Hihi + N/A,Wild + N/A,N/A,N/A,N/A,75,27/11/2019,08:05,27/11/2019,17:45,27/11/2019 08:05,27/11/2019 17:45,580,14,17
AB-3-3,,,CGAGCGAC,GGATATCT,plate-1,Hihi,Wild,Hihi + Wild,AB/3,AB/3,,S,1,4,3,3,3,2018/2019,N/A,CP13045,O/M-O/Y,OM-OY,1,,Wild,Wild,Wild,Parent,Naive,2019/20,1,1,2015/2016,N/A,CP9218,R/PU-RY/M,RV-GYPM,4,,Wild,Wild,Wild,Parent,Experienced,2016/17,2,7,08/11/2019,19/12/2019,0,N/A,,N/A,10/11/2019,13/11/2019,N/A,N/A,0,N/A,29/11/2019,,N/A,N/A,19/12/2019,31/12/2019,32,N/A,Hihi + N/A,Wild + N/A,N/A,N/A,N/A,75,27/11/2019,08:05,27/11/2019,17:45,27/11/2019 08:05,27/11/2019 17:45,580,14,17
AB-3-4,,,CGAGCGAC,GACACCGT,plate-1,Hihi,Wild,Hihi + Wild,AB/3,AB/3,,S,1,4,3,3,3,2018/2019,N/A,CP13045,O/M-O/Y,OM-OY,1,,Wild,Wild,Wild,Parent,Naive,2019/20,1,1,2015/2016,N/A,CP9218,R/PU-RY/M,RV-GYPM,4,,Wild,Wild,Wild,Parent,Experienced,2016/17,2,7,08/11/2019,19/12/2019,0,N/A,,N/A,10/11/2019,13/11/2019,N/A,N/A,0,N/A,29/11/2019,,N/A,N/A,19/12/2019,31/12/2019,32,N/A,Hihi + N/A,Wild + N/A,N/A,N/A,N/A,75,27/11/2019,08:05,27/11/2019,17:45,27/11/2019 08:05,27/11/2019 17:45,580,14,17
B1-13a-1,,,CGAGAGTT,AGAGTCAC,plate-2,Hihi,Wild,Hihi + Wild,B1/13a,B1/13a,,F,1,3,0,0,0,2016/2017,N/A,CP11877,PI/M-W/PU,HM-WV,3,,Wild,Wild,Wild,Parent,Experienced,2017/18,1,4,2015/2016,N/A,CP8292,DG/PU-RY/M,GV-GYPM,4,,Wild,Wild,Wild,Parent,Experienced,2016/17,2,5,28/10/2019,N/A,0,N/A,,N/A,05/11/2019,08/11/2019,N/A,N/A,1,0,N/A,,N/A,N/A,N/A,N/A,,Unhatched,Hihi + Unhatched,Wild + Unhatched,Fully formed chick,N/A,N/A,0,21/11/2019,11:30,21/11/2019,17:30,21/11/2019 11:30,21/11/2019 17:30,360,13,16
B1-13a-2,,,CGAGAGTT,TACGAGAC,plate-2,Hihi,Wild,Hihi + Wild,B1/13a,B1/13a,,F,1,3,0,0,0,2016/2017,N/A,CP11877,PI/M-W/PU,HM-WV,3,,Wild,Wild,Wild,Parent,Experienced,2017/18,1,4,2015/2016,N/A,CP8292,DG/PU-RY/M,GV-GYPM,4,,Wild,Wild,Wild,Parent,Experienced,2016/17,2,5,28/10/2019,N/A,0,N/A,,N/A,05/11/2019,08/11/2019,N/A,N/A,1,0,N/A,,N/A,N/A,N/A,N/A,,Unhatched,Hihi + Unhatched,Wild + Unhatched,Fully formed chick,N/A,N/A,0,21/11/2019,11:30,21/11/2019,17:30,21/11/2019 11:30,21/11/2019 17:30,360,13,16
B1-13a-3,,,CGAGAGTT,ACGTCTCG,plate-2,Hihi,Wild,Hihi + Wild,B1/13a,B1/13a,,F,1,3,0,0,0,2016/2017,N/A,CP11877,PI/M-W/PU,HM-WV,3,,Wild,Wild,Wild,Parent,Experienced,2017/18,1,4,2015/2016,N/A,CP8292,DG/PU-RY/M,GV-GYPM,4,,Wild,Wild,Wild,Parent,Experienced,2016/17,2,5,28/10/2019,N/A,0,N/A,,N/A,05/11/2019,08/11/2019,N/A,N/A,1,0,N/A,,N/A,N/A,N/A,N/A,,Unhatched,Hihi + Unhatched,Wild + Unhatched,Fully formed chick,N/A,N/A,0,21/11/2019,11:30,21/11/2019,17:30,21/11/2019 11:30,21/11/2019 17:30,360,13,16
B1-13b-1,,,GACATAGT,ATCGTACG,plate-1,Hihi,Wild,Hihi + Wild,B1/13b,B1/13b,,S,1,4,3,3,3,2018/2019,N/A,CP13077,O/M-DB/LG,OM-BJ,1,,Wild,Wild,Wild,Parent,Naive,2019/20,1,2,2010/2011,N/A,C89916,PI/BK-RY/M,HN-DM,9,,Wild,Wild,Wild,Parent,Experienced,2011/12,6,15,25/10/2019,N/A,0,N/A,,N/A,01/11/2019,04/11/2019,N/A,N/A,0,1,19/11/2019,,N/A,N/A,10/12/2019,18/12/2019,29,Hatched,Hihi + Hatched,Wild + Hatched,N/A,N/A,N/A,75,17/11/2019,13:31,17/11/2019,18:00,17/11/2019 13:31,17/11/2019 18:00,269,13,16
B1-13b-2,,,GACATAGT,ACTATCTG,plate-1,Hihi,Wild,Hihi + Wild,B1/13b,B1/13b,,S,1,4,3,3,3,2018/2019,N/A,CP13077,O/M-DB/LG,OM-BJ,1,,Wild,Wild,Wild,Parent,Naive,2019/20,1,2,2010/2011,N/A,C89916,PI/BK-RY/M,HN-DM,9,,Wild,Wild,Wild,Parent,Experienced,2011/12,6,15,25/10/2019,N/A,0,N/A,,N/A,01/11/2019,04/11/2019,N/A,N/A,0,0,19/11/2019,,N/A,N/A,10/12/2019,18/12/2019,29,Unhatched,Hihi + Unhatched,Wild + Unhatched,Addled,N/A,Undeveloped,75,17/11/2019,13:31,17/11/2019,18:00,17/11/2019 13:31,17/11/2019 18:00,269,13,16
B1-13b-3,,,GACATAGT,TAGCGAGT,plate-1,Hihi,Wild,Hihi + Wild,B1/13b,B1/13b,,S,1,4,3,3,3,2018/2019,N/A,CP13077,O/M-DB/LG,OM-BJ,1,,Wild,Wild,Wild,Parent,Naive,2019/20,1,2,2010/2011,N/A,C89916,PI/BK-RY/M,HN-DM,9,,Wild,Wild,Wild,Parent,Experienced,2011/12,6,15,25/10/2019,N/A,0,N/A,,N/A,01/11/2019,04/11/2019,N/A,N/A,0,1,19/11/2019,,N/A,N/A,10/12/2019,18/12/2019,29,Hatched,Hihi + Hatched,Wild + Hatched,N/A,N/A,N/A,75,17/11/2019,13:31,17/11/2019,18:00,17/11/2019 13:31,17/11/2019 18:00,269,13,16
B1-13b-4,,,GACATAGT,CTGCGTGT,plate-1,Hihi,Wild,Hihi + Wild,B1/13b,B1/13b,,S,1,4,3,3,3,2018/2019,N/A,CP13077,O/M-DB/LG,OM-BJ,1,,Wild,Wild,Wild,Parent,Naive,2019/20,1,2,2010/2011,N/A,C89916,PI/BK-RY/M,HN-DM,9,,Wild,Wild,Wild,Parent,Experienced,2011/12,6,15,25/10/2019,N/A,0,N/A,,N/A,01/11/2019,04/11/2019,N/A,N/A,0,1,19/11/2019,,N/A,N/A,10/12/2019,18/12/2019,29,Hatched,Hihi + Hatched,Wild + Hatched,N/A,N/A,N/A,75,17/11/2019,13:31,17/11/2019,18:00,17/11/2019 13:31,17/11/2019 18:00,269,13,16
B1-19-1,,,ACTACGAC,ATCGTACG,plate-1,Hihi,Wild,Hihi + Wild,B1/19,B1/19,,S,1,4,3,3,3,2017/2018,N/A,CP12997,LB/M-W/PU,SM-WV,2,,Wild,Wild,Wild,Parent,Experienced,2018/19,2,3,2017/2018,N/A,CP12913,Y/PU-(LB)/M,YV-SM,2,,Wild,Wild,Wild,Parent,Experienced,2018/19,2,2,03/11/2019,N/A,0,N/A,,N/A,09/11/2019,13/11/2019,N/A,N/A,1,N/A,27/11/2019,,N/A,N/A,17/12/2019,28/12/2019,31,N/A,Hihi + N/A,Wild + N/A,N/A,N/A,N/A,75,26/11/2019,11:35,26/11/2019,15:30,26/11/2019 11:35,26/11/2019 15:30,235,13,17
B1-19-2,,,ACTACGAC,ACTATCTG,plate-1,Hihi,Wild,Hihi + Wild,B1/19,B1/19,,S,1,4,3,3,3,2017/2018,N/A,CP12997,LB/M-W/PU,SM-WV,2,,Wild,Wild,Wild,Parent,Experienced,2018/19,2,3,2017/2018,N/A,CP12913,Y/PU-(LB)/M,YV-SM,2,,Wild,Wild,Wild,Parent,Experienced,2018/19,2,2,03/11/2019,N/A,0,N/A,,N/A,09/11/2019,13/11/2019,N/A,N/A,1,N/A,27/11/2019,,N/A,N/A,17/12/2019,28/12/2019,31,N/A,Hihi + N/A,Wild + N/A,N/A,N/A,N/A,75,26/11/2019,11:35,26/11/2019,15:30,26/11/2019 11:35,26/11/2019 15:30,235,13,17
B1-19-3,,,ACTACGAC,TAGCGAGT,plate-1,Hihi,Wild,Hihi + Wild,B1/19,B1/19,,S,1,4,3,3,3,2017/2018,N/A,CP12997,LB/M-W/PU,SM-WV,2,,Wild,Wild,Wild,Parent,Experienced,2018/19,2,3,2017/2018,N/A,CP12913,Y/PU-(LB)/M,YV-SM,2,,Wild,Wild,Wild,Parent,Experienced,2018/19,2,2,03/11/2019,N/A,0,N/A,,N/A,09/11/2019,13/11/2019,N/A,N/A,1,N/A,27/11/2019,,N/A,N/A,17/12/2019,28/12/2019,31,N/A,Hihi + N/A,Wild + N/A,N/A,N/A,N/A,75,26/11/2019,11:35,26/11/2019,15:30,26/11/2019 11:35,26/11/2019 15:30,235,13,17
B1-19-4,,,ACTACGAC,CTGCGTGT,plate-1,Hihi,Wild,Hihi + Wild,B1/19,B1/19,,S,1,4,3,3,3,2017/2018,N/A,CP12997,LB/M-W/PU,SM-WV,2,,Wild,Wild,Wild,Parent,Experienced,2018/19,2,3,2017/2018,N/A,CP12913,Y/PU-(LB)/M,YV-SM,2,,Wild,Wild,Wild,Parent,Experienced,2018/19,2,2,03/11/2019,N/A,0,N/A,,N/A,09/11/2019,13/11/2019,N/A,N/A,1,N/A,27/11/2019,,N/A,N/A,17/12/2019,28/12/2019,31,N/A,Hihi + N/A,Wild + N/A,N/A,N/A,N/A,75,26/11/2019,11:35,26/11/2019,15:30,26/11/2019 11:35,26/11/2019 15:30,235,13,17
B1-2-1,,,ACTCACTG,GGATATCT,plate-1,Hihi,Wild,Hihi + Wild,B1/2,B1/2,,S,1,4,4,4,4,2018/2019,N/A,CP13553,PU/M-DG/LG,VM-GJ,1,,Wild,Wild,Wild,Parent,Naive,2019/20,1,3,2011/2012,N/A,C75686,BK/PI-BK/M,NH-NM,8,,Wild,Wild,Wild,Parent,Experienced,2012/13,6,17,05/11/2019,N/A,0,N/A,,N/A,21/11/2019,24/11/2019,N/A,N/A,0,1,09/12/2019,,N/A,N/A,30/12/2019,08/01/2020,30,Hatched,Hihi + Hatched,Wild + Hatched,N/A,N/A,N/A,100,06/12/2019,14:30,06/12/2019,17:30,06/12/2019 14:30,06/12/2019 17:30,180,12,15
B1-2-2,,,ACTCACTG,GACACCGT,plate-1,Hihi,Wild,Hihi + Wild,B1/2,B1/2,,S,1,4,4,4,4,2018/2019,N/A,CP13553,PU/M-DG/LG,VM-GJ,1,,Wild,Wild,Wild,Parent,Naive,2019/20,1,3,2011/2012,N/A,C75686,BK/PI-BK/M,NH-NM,8,,Wild,Wild,Wild,Parent,Experienced,2012/13,6,17,05/11/2019,N/A,0,N/A,,N/A,21/11/2019,24/11/2019,N/A,N/A,0,1,09/12/2019,,N/A,N/A,30/12/2019,08/01/2020,30,Hatched,Hihi + Hatched,Wild + Hatched,N/A,N/A,N/A,100,06/12/2019,14:30,06/12/2019,17:30,06/12/2019 14:30,06/12/2019 17:30,180,12,15
B1-2-3,,,TGAGTACG,ATCGTACG,plate-1,Hihi,Wild,Hihi + Wild,B1/2,B1/2,,S,1,4,4,4,4,2018/2019,N/A,CP13553,PU/M-DG/LG,VM-GJ,1,,Wild,Wild,Wild,Parent,Naive,2019/20,1,3,2011/2012,N/A,C75686,BK/PI-BK/M,NH-NM,8,,Wild,Wild,Wild,Parent,Experienced,2012/13,6,17,05/11/2019,N/A,0,N/A,,N/A,21/11/2019,24/11/2019,N/A,N/A,0,1,09/12/2019,,N/A,N/A,30/12/2019,08/01/2020,30,Hatched,Hihi + Hatched,Wild + Hatched,N/A,N/A,N/A,100,06/12/2019,14:30,06/12/2019,17:30,06/12/2019 14:30,06/12/2019 17:30,180,12,15
B1-2-4,,,TGAGTACG,ACTATCTG,plate-1,Hihi,Wild,Hihi + Wild,B1/2,B1/2,,S,1,4,4,4,4,2018/2019,N/A,CP13553,PU/M-DG/LG,VM-GJ,1,,Wild,Wild,Wild,Parent,Naive,2019/20,1,3,2011/2012,N/A,C75686,BK/PI-BK/M,NH-NM,8,,Wild,Wild,Wild,Parent,Experienced,2012/13,6,17,05/11/2019,N/A,0,N/A,,N/A,21/11/2019,24/11/2019,N/A,N/A,0,1,09/12/2019,,N/A,N/A,30/12/2019,08/01/2020,30,Hatched,Hihi + Hatched,Wild + Hatched,N/A,N/A,N/A,100,06/12/2019,14:30,06/12/2019,17:30,06/12/2019 14:30,06/12/2019 17:30,180,12,15
B1-24-1,,,GACATAGT,CGTTACTA,plate-2,Hihi,Wild,Hihi + Wild,B1/24,B1/24,,S,1,3,3,3,3,2017/2018,N/A,CP13020,R/M-PU/LG,RM-VJ,2,,Wild,Wild,Wild,Parent,Experienced,2018/19,2,4,2014/2015,N/A,CP8165,O/M-GO/DG,OM-GOG,5,,Wild,Wild,Wild,Parent,Experienced,2017/18,2,4,N/A,10/01/2020,0,N/A,,N/A,03/12/2019,05/12/2019,N/A,N/A,0,1,20/12/2019,,N/A,N/A,10/01/2020,18/01/2020,29,Hatched,Hihi + Hatched,Wild + Hatched,N/A,N/A,N/A,100,18/12/2019,11:15,18/12/2019,12:42,18/12/2019 11:15,18/12/2019 12:42,87,13,15
B1-24-2,,,GACATAGT,AGAGTCAC,plate-2,Hihi,Wild,Hihi + Wild,B1/24,B1/24,,S,1,3,3,3,3,2017/2018,N/A,CP13020,R/M-PU/LG,RM-VJ,2,,Wild,Wild,Wild,Parent,Experienced,2018/19,2,4,2014/2015,N/A,CP8165,O/M-GO/DG,OM-GOG,5,,Wild,Wild,Wild,Parent,Experienced,2017/18,2,4,N/A,10/01/2020,0,N/A,,N/A,03/12/2019,05/12/2019,N/A,N/A,0,1,20/12/2019,,N/A,N/A,10/01/2020,18/01/2020,29,Hatched,Hihi + Hatched,Wild + Hatched,N/A,N/A,N/A,100,18/12/2019,11:15,18/12/2019,12:42,18/12/2019 11:15,18/12/2019 12:42,87,13,15
B1-24-3,,,GACATAGT,TACGAGAC,plate-2,Hihi,Wild,Hihi + Wild,B1/24,B1/24,,S,1,3,3,3,3,2017/2018,N/A,CP13020,R/M-PU/LG,RM-VJ,2,,Wild,Wild,Wild,Parent,Experienced,2018/19,2,4,2014/2015,N/A,CP8165,O/M-GO/DG,OM-GOG,5,,Wild,Wild,Wild,Parent,Experienced,2017/18,2,4,N/A,10/01/2020,0,N/A,,N/A,03/12/2019,05/12/2019,N/A,N/A,0,1,20/12/2019,,N/A,N/A,10/01/2020,18/01/2020,29,Hatched,Hihi + Hatched,Wild + Hatched,N/A,N/A,N/A,100,18/12/2019,11:15,18/12/2019,12:42,18/12/2019 11:15,18/12/2019 12:42,87,13,15
B1-28-1,,,CTGCGTAG,GGATATCT,plate-1,Hihi,Wild,Hihi + Wild,B1/28,B1/28,,S,1,3,1,1,1,2018/2019,N/A,CP13510,O/M-W/LB,OM-WS,1,,Wild,Wild,Wild,Parent,Naive,2019/20,1,2,2012/2013,N/A,CP5013,(O)/M-GO/DB,OM-GOB,7,,Wild,Wild,Wild,Parent,Experienced,2013/14,3,5,15/11/2019,31/12/2019,0,N/A,,N/A,23/11/2019,25/11/2019,N/A,N/A,0,N/A,10/12/2019,,N/A,N/A,31/12/2019,08/01/2020,29,N/A,Hihi + N/A,Wild + N/A,N/A,N/A,N/A,33.33333333,07/12/2019,11:20,07/12/2019,16:30,07/12/2019 11:20,07/12/2019 16:30,310,12,14
B1-28-2,,,CTGCGTAG,GACACCGT,plate-1,Hihi,Wild,Hihi + Wild,B1/28,B1/28,,S,1,3,1,1,1,2018/2019,N/A,CP13510,O/M-W/LB,OM-WS,1,,Wild,Wild,Wild,Parent,Naive,2019/20,1,2,2012/2013,N/A,CP5013,(O)/M-GO/DB,OM-GOB,7,,Wild,Wild,Wild,Parent,Experienced,2013/14,3,5,15/11/2019,31/12/2019,0,N/A,,N/A,23/11/2019,25/11/2019,N/A,N/A,0,N/A,10/12/2019,,N/A,N/A,31/12/2019,08/01/2020,29,N/A,Hihi + N/A,Wild + N/A,N/A,N/A,N/A,33.33333333,07/12/2019,11:20,07/12/2019,16:30,07/12/2019 11:20,07/12/2019 16:30,310,12,14
B1-28-3,,,TAGTCTCC,ATCGTACG,plate-1,Hihi,Wild,Hihi + Wild,B1/28,B1/28,,S,1,3,1,1,1,2018/2019,N/A,CP13510,O/M-W/LB,OM-WS,1,,Wild,Wild,Wild,Parent,Naive,2019/20,1,2,2012/2013,N/A,CP5013,(O)/M-GO/DB,OM-GOB,7,,Wild,Wild,Wild,Parent,Experienced,2013/14,3,5,15/11/2019,31/12/2019,0,N/A,,N/A,23/11/2019,25/11/2019,N/A,N/A,0,0,10/12/2019,,N/A,N/A,31/12/2019,08/01/2020,29,Unhatched,Hihi + Unhatched,Wild + Unhatched,N/A,N/A,Undeveloped,33.33333333,07/12/2019,11:20,07/12/2019,16:30,07/12/2019 11:20,07/12/2019 16:30,310,12,14
B1-9-1,,,CGAGAGTT,TCATCGAG,plate-1,Hihi,Wild,Hihi + Wild,B1/9,B1/9,,S,1,4,2,2,2,2018/2019,N/A,CP13444,LG/M-PI/W,JM-HW,1,,Wild,Wild,Wild,Parent,Naive,2019/20,1,1,2015/2016,N/A,CP8283,RW/LG-RY/M,RWJ-GYPM,4,,Wild,Wild,Wild,Parent,Naive,2019/20,1,5,28/10/2019,N/A,0,N/A,,N/A,01/11/2019,04/11/2019,N/A,N/A,0,0,19/11/2019,,N/A,N/A,10/12/2019,20/12/2019,31,Unhatched,Hihi + Unhatched,Wild + Unhatched,Broken,N/A,Undeveloped - broken egg on floor of box,50,17/11/2019,13:05,17/11/2019,18:00,17/11/2019 13:05,17/11/2019 18:00,295,13,16
B1-9-2,,,CGAGAGTT,CGTGAGTG,plate-1,Hihi,Wild,Hihi + Wild,B1/9,B1/9,,S,1,4,2,2,2,2018/2019,N/A,CP13444,LG/M-PI/W,JM-HW,1,,Wild,Wild,Wild,Parent,Naive,2019/20,1,1,2015/2016,N/A,CP8283,RW/LG-RY/M,RWJ-GYPM,4,,Wild,Wild,Wild,Parent,Naive,2019/20,1,5,28/10/2019,N/A,0,N/A,,N/A,01/11/2019,04/11/2019,N/A,N/A,0,1,19/11/2019,,N/A,N/A,10/12/2019,20/12/2019,31,Hatched,Hihi + Hatched,Wild + Hatched,N/A,N/A,Developed,50,17/11/2019,13:05,17/11/2019,18:00,17/11/2019 13:05,17/11/2019 18:00,295,13,16
B1-9-3,,,CGAGAGTT,GGATATCT,plate-1,Hihi,Wild,Hihi + Wild,B1/9,B1/9,,S,1,4,2,2,2,2018/2019,N/A,CP13444,LG/M-PI/W,JM-HW,1,,Wild,Wild,Wild,Parent,Naive,2019/20,1,1,2015/2016,N/A,CP8283,RW/LG-RY/M,RWJ-GYPM,4,,Wild,Wild,Wild,Parent,Naive,2019/20,1,5,28/10/2019,N/A,0,N/A,,N/A,01/11/2019,04/11/2019,N/A,N/A,0,0,19/11/2019,,N/A,N/A,10/12/2019,20/12/2019,31,Unhatched,Hihi + Unhatched,Wild + Unhatched,N/A,N/A,Undeveloped,50,17/11/2019,13:05,17/11/2019,18:00,17/11/2019 13:05,17/11/2019 18:00,295,13,16
B1-9-4,,,CGAGAGTT,GACACCGT,plate-1,Hihi,Wild,Hihi + Wild,B1/9,B1/9,,S,1,4,2,2,2,2018/2019,N/A,CP13444,LG/M-PI/W,JM-HW,1,,Wild,Wild,Wild,Parent,Naive,2019/20,1,1,2015/2016,N/A,CP8283,RW/LG-RY/M,RWJ-GYPM,4,,Wild,Wild,Wild,Parent,Naive,2019/20,1,5,28/10/2019,N/A,0,N/A,,N/A,01/11/2019,04/11/2019,N/A,N/A,0,1,19/11/2019,,N/A,N/A,10/12/2019,20/12/2019,31,Hatched,Hihi + Hatched,Wild + Hatched,N/A,N/A,Developed,50,17/11/2019,13:05,17/11/2019,18:00,17/11/2019 13:05,17/11/2019 18:00,295,13,16
B1-Pa2-1,,,TATAGCGA,ACTATCTG,plate-1,Hihi,Wild,Hihi + Wild,B1/Pa2,B1/Pa2,,S,1,3,3,2,2,2018/2019,N/A,CP13563,PU/M-LB/PI,VM-SH,1,,Wild,Wild,Wild,Parent,Naive,2019/20,1,3,2018/2019,N/A,CP13519,W/DG-LG/M,WG-JM,1,,Wild,Wild,Wild,Parent,Naive,2019/20,1,1,03/11/2019,N/A,0,N/A,,N/A,07/11/2019,09/11/2019,N/A,N/A,0,1,23/11/2019,,N/A,N/A,14/12/2019,24/12/2019,31,Hatched,Hihi + Hatched,Wild + Hatched,N/A,N/A,N/A,100,22/11/2019,11:00,22/11/2019,16:20,22/11/2019 11:00,22/11/2019 16:20,320,13,15
B1-Pa2-2,,,TATAGCGA,TAGCGAGT,plate-1,Hihi,Wild,Hihi + Wild,B1/Pa2,B1/Pa2,,S,1,3,3,2,2,2018/2019,N/A,CP13563,PU/M-LB/PI,VM-SH,1,,Wild,Wild,Wild,Parent,Naive,2019/20,1,3,2018/2019,N/A,CP13519,W/DG-LG/M,WG-JM,1,,Wild,Wild,Wild,Parent,Naive,2019/20,1,1,03/11/2019,N/A,0,N/A,,N/A,07/11/2019,09/11/2019,N/A,N/A,0,1,23/11/2019,,N/A,N/A,14/12/2019,24/12/2019,31,Hatched,Hihi + Hatched,Wild + Hatched,N/A,N/A,N/A,100,22/11/2019,11:00,22/11/2019,16:20,22/11/2019 11:00,22/11/2019 16:20,320,13,15
B1-Pa2-3,,,TATAGCGA,CTGCGTGT,plate-1,Hihi,Wild,Hihi + Wild,B1/Pa2,B1/Pa2,,S,1,3,3,2,2,2018/2019,N/A,CP13563,PU/M-LB/PI,VM-SH,1,,Wild,Wild,Wild,Parent,Naive,2019/20,1,3,2018/2019,N/A,CP13519,W/DG-LG/M,WG-JM,1,,Wild,Wild,Wild,Parent,Naive,2019/20,1,1,03/11/2019,N/A,0,N/A,,N/A,07/11/2019,09/11/2019,N/A,N/A,0,1,23/11/2019,,N/A,N/A,14/12/2019,24/12/2019,31,Hatched,Hihi + Hatched,Wild + Hatched,N/A,N/A,N/A,100,22/11/2019,11:00,22/11/2019,16:20,22/11/2019 11:00,22/11/2019 16:20,320,13,15
B2-11-1,,,GTCTATGA,ACTATCTG,plate-1,Hihi,Wild,Hihi + Wild,B2/11,B2/11,,S,1,4,4,4,4,2018/2019,N/A,CP13502,O/M-LB/Y,OM-SY,1,,Wild,Wild,Wild,Parent,Naive,2019/20,1,3,2015/2016,N/A,CP8217,GO/GO-RY/M,GOGO-GYPM,4,,Wild,Wild,Wild,Parent,Experienced,2016/17,3,13,04/11/2019,N/A,0,N/A,,N/A,08/11/2019,11/11/2019,N/A,N/A,0,1,26/11/2019,,N/A,N/A,17/12/2019,24/12/2019,28,Hatched,Hihi + Hatched,Wild + Hatched,N/A,N/A,N/A,100,24/11/2019,10:25,24/11/2019,12:55,24/11/2019 10:25,24/11/2019 12:55,150,13,16
B2-11-2,,,GTCTATGA,TAGCGAGT,plate-1,Hihi,Wild,Hihi + Wild,B2/11,B2/11,,S,1,4,4,4,4,2018/2019,N/A,CP13502,O/M-LB/Y,OM-SY,1,,Wild,Wild,Wild,Parent,Naive,2019/20,1,3,2015/2016,N/A,CP8217,GO/GO-RY/M,GOGO-GYPM,4,,Wild,Wild,Wild,Parent,Experienced,2016/17,3,13,04/11/2019,N/A,0,N/A,,N/A,08/11/2019,11/11/2019,N/A,N/A,0,1,26/11/2019,,N/A,N/A,17/12/2019,24/12/2019,28,Hatched,Hihi + Hatched,Wild + Hatched,N/A,N/A,N/A,100,24/11/2019,10:25,24/11/2019,12:55,24/11/2019 10:25,24/11/2019 12:55,150,13,16
B2-11-3,,,GTCTATGA,CTGCGTGT,plate-1,Hihi,Wild,Hihi + Wild,B2/11,B2/11,,S,1,4,4,4,4,2018/2019,N/A,CP13502,O/M-LB/Y,OM-SY,1,,Wild,Wild,Wild,Parent,Naive,2019/20,1,3,2015/2016,N/A,CP8217,GO/GO-RY/M,GOGO-GYPM,4,,Wild,Wild,Wild,Parent,Experienced,2016/17,3,13,04/11/2019,N/A,0,N/A,,N/A,08/11/2019,11/11/2019,N/A,N/A,0,1,26/11/2019,,N/A,N/A,17/12/2019,24/12/2019,28,Hatched,Hihi + Hatched,Wild + Hatched,N/A,N/A,N/A,100,24/11/2019,10:25,24/11/2019,12:55,24/11/2019 10:25,24/11/2019 12:55,150,13,16
B2-11-4,,,GTCTATGA,TCATCGAG,plate-1,Hihi,Wild,Hihi + Wild,B2/11,B2/11,,S,1,4,4,4,4,2018/2019,N/A,CP13502,O/M-LB/Y,OM-SY,1,,Wild,Wild,Wild,Parent,Naive,2019/20,1,3,2015/2016,N/A,CP8217,GO/GO-RY/M,GOGO-GYPM,4,,Wild,Wild,Wild,Parent,Experienced,2016/17,3,13,04/11/2019,N/A,0,N/A,,N/A,08/11/2019,11/11/2019,N/A,N/A,0,1,26/11/2019,,N/A,N/A,17/12/2019,24/12/2019,28,Hatched,Hihi + Hatched,Wild + Hatched,N/A,N/A,N/A,100,24/11/2019,10:25,24/11/2019,12:55,24/11/2019 10:25,24/11/2019 12:55,150,13,16
B2-9-1,,,TAGTCTCC,ACTATCTG,plate-1,Hihi,Wild,Hihi + Wild,B2/9,B2/9,,S,1,3,3,3,3,2018/2019,N/A,CP13419,O/M-O/LG,OM-OJ,1,,Wild,Wild,Wild,Parent,Naive,2019/20,1,2,2016/2017,N/A,CP11867,W/PU-PI/M,WV-HM,3,,Wild,Wild,Wild,Parent,Naive,2019/20,1,0,31/10/2019,19/12/2019,0,N/A,,N/A,12/11/2019,14/11/2019,N/A,N/A,0,1,28/11/2019,,N/A,N/A,19/12/2019,27/12/2019,29,Hatched,Hihi + Hatched,Wild + Hatched,N/A,N/A,N/A,100,27/11/2019,12:25,27/11/2019,17:45,27/11/2019 12:25,27/11/2019 17:45,320,13,15
B2-9-2,,,TAGTCTCC,TCATCGAG,plate-1,Hihi,Wild,Hihi + Wild,B2/9,B2/9,,S,1,3,3,3,3,2018/2019,N/A,CP13419,O/M-O/LG,OM-OJ,1,,Wild,Wild,Wild,Parent,Naive,2019/20,1,2,2016/2017,N/A,CP11867,W/PU-PI/M,WV-HM,3,,Wild,Wild,Wild,Parent,Naive,2019/20,1,0,31/10/2019,19/12/2019,0,N/A,,N/A,12/11/2019,14/11/2019,N/A,N/A,0,1,28/11/2019,,N/A,N/A,19/12/2019,27/12/2019,29,Hatched,Hihi + Hatched,Wild + Hatched,N/A,N/A,N/A,100,27/11/2019,12:25,27/11/2019,17:45,27/11/2019 12:25,27/11/2019 17:45,320,13,15
B2-9-3,,,TAGTCTCC,CGTGAGTG,plate-1,Hihi,Wild,Hihi + Wild,B2/9,B2/9,,S,1,3,3,3,3,2018/2019,N/A,CP13419,O/M-O/LG,OM-OJ,1,,Wild,Wild,Wild,Parent,Naive,2019/20,1,2,2016/2017,N/A,CP11867,W/PU-PI/M,WV-HM,3,,Wild,Wild,Wild,Parent,Naive,2019/20,1,0,31/10/2019,19/12/2019,0,N/A,,N/A,12/11/2019,14/11/2019,N/A,N/A,0,1,28/11/2019,,N/A,N/A,19/12/2019,27/12/2019,29,Hatched,Hihi + Hatched,Wild + Hatched,N/A,N/A,N/A,100,27/11/2019,12:25,27/11/2019,17:45,27/11/2019 12:25,27/11/2019 17:45,320,13,15
B21-11-1,,,GTCTGCTA,GGATATCT,plate-1,Hihi,Wild,Hihi + Wild,B21/11,B21/11,,S,1,3,3,2,2,2018/2019,N/A,CP13498,O/M-LB/PU,OM-SV,1,,Wild,Wild,Wild,Parent,Naive,2019/20,1,2,2018/2019,N/A,CP13486,LB/PU-O/M,SV-OM,1,,Wild,Wild,Wild,Parent,Naive,2019/20,1,1,03/11/2019,17/12/2019,0,N/A,,N/A,10/11/2019,12/11/2019,N/A,N/A,0,1,27/11/2019,,N/A,N/A,17/12/2019,26/12/2019,29,Hatched,Hihi + Hatched,Wild + Hatched,N/A,N/A,N/A,100,25/11/2019,10:06,25/11/2019,15:00,25/11/2019 10:06,25/11/2019 15:00,294,13,15
B21-11-2,,,GTCTGCTA,GACACCGT,plate-1,Hihi,Wild,Hihi + Wild,B21/11,B21/11,,S,1,3,3,2,2,2018/2019,N/A,CP13498,O/M-LB/PU,OM-SV,1,,Wild,Wild,Wild,Parent,Naive,2019/20,1,2,2018/2019,N/A,CP13486,LB/PU-O/M,SV-OM,1,,Wild,Wild,Wild,Parent,Naive,2019/20,1,1,03/11/2019,17/12/2019,0,N/A,,N/A,10/11/2019,12/11/2019,N/A,N/A,0,1,27/11/2019,,N/A,N/A,17/12/2019,26/12/2019,29,Hatched,Hihi + Hatched,Wild + Hatched,N/A,N/A,N/A,100,25/11/2019,10:06,25/11/2019,15:00,25/11/2019 10:06,25/11/2019 15:00,294,13,15
B21-11-3,,,GTCTATGA,ATCGTACG,plate-1,Hihi,Wild,Hihi + Wild,B21/11,B21/11,,S,1,3,3,2,2,2018/2019,N/A,CP13498,O/M-LB/PU,OM-SV,1,,Wild,Wild,Wild,Parent,Naive,2019/20,1,2,2018/2019,N/A,CP13486,LB/PU-O/M,SV-OM,1,,Wild,Wild,Wild,Parent,Naive,2019/20,1,1,03/11/2019,17/12/2019,0,N/A,,N/A,10/11/2019,12/11/2019,N/A,N/A,0,1,27/11/2019,,N/A,N/A,17/12/2019,26/12/2019,29,Hatched,Hihi + Hatched,Wild + Hatched,N/A,N/A,N/A,100,25/11/2019,10:06,25/11/2019,15:00,25/11/2019 10:06,25/11/2019 15:00,294,13,15
B21-13-1,,,GTCTGCTA,ATCGTACG,plate-1,Hihi,Wild,Hihi + Wild,B21/13,B21/13,,S,1,3,2,2,2,2018/2019,N/A,CP13462,PU/M-Y/LG,VM-YJ,1,,Wild,Wild,Wild,Parent,Naive,2019/20,1,3,2018/2019,N/A,CP13450,LG/M-W/LG,JM-WJ,1,,Wild,Wild,Wild,Parent,Naive,2019/20,1,1,03/11/2019,N/A,0,N/A,,N/A,11/11/2019,13/11/2019,N/A,N/A,0,N/A,28/11/2019,,N/A,N/A,18/12/2019,28/12/2019,29,N/A,Hihi + N/A,Wild + N/A,N/A,N/A,N/A,66.66666667,26/11/2019,09:40,26/11/2019,15:30,26/11/2019 09:40,26/11/2019 15:30,350,13,15
B21-13-2,,,GTCTGCTA,ACTATCTG,plate-1,Hihi,Wild,Hihi + Wild,B21/13,B21/13,,S,1,3,2,2,2,2018/2019,N/A,CP13462,PU/M-Y/LG,VM-YJ,1,,Wild,Wild,Wild,Parent,Naive,2019/20,1,3,2018/2019,N/A,CP13450,LG/M-W/LG,JM-WJ,1,,Wild,Wild,Wild,Parent,Naive,2019/20,1,1,03/11/2019,N/A,0,N/A,,N/A,11/11/2019,13/11/2019,N/A,N/A,0,N/A,28/11/2019,,N/A,N/A,18/12/2019,28/12/2019,29,N/A,Hihi + N/A,Wild + N/A,N/A,N/A,N/A,66.66666667,26/11/2019,09:40,26/11/2019,15:30,26/11/2019 09:40,26/11/2019 15:30,350,13,15
B21-13-3,,,GTCTGCTA,TAGCGAGT,plate-1,Hihi,Wild,Hihi + Wild,B21/13,B21/13,,S,1,3,2,2,2,2018/2019,N/A,CP13462,PU/M-Y/LG,VM-YJ,1,,Wild,Wild,Wild,Parent,Naive,2019/20,1,3,2018/2019,N/A,CP13450,LG/M-W/LG,JM-WJ,1,,Wild,Wild,Wild,Parent,Naive,2019/20,1,1,03/11/2019,N/A,0,N/A,,N/A,11/11/2019,13/11/2019,N/A,N/A,0,N/A,28/11/2019,,N/A,N/A,18/12/2019,28/12/2019,29,N/A,Hihi + N/A,Wild + N/A,N/A,N/A,N/A,66.66666667,26/11/2019,09:40,26/11/2019,15:30,26/11/2019 09:40,26/11/2019 15:30,350,13,15
B21-14-1,,,TGAGTACG,CTACTATA,plate-2,Hihi,Wild,Hihi + Wild,B21/14,B21/14,,S,1,4,4,4,4,2018/2019,N/A,CP13068,O/M-LG/DB,OM-JB,1,,Wild,Wild,Wild,Parent,Naive,2019/20,1,3,2017/2018,N/A,CP13034,(W)/PU-R/M,WV-RN,2,,Wild,Wild,Wild,Parent,Naive,2019/20,1,4,28/11/2019,N/A,0,N/A,,N/A,05/12/2019,08/12/2019,N/A,N/A,0,1,23/12/2019,,N/A,N/A,13/01/2020,21/01/2020,29,Hatched,Hihi + Hatched,Wild + Hatched,N/A,N/A,N/A,100,21/12/2019,09:45,21/12/2019,12:55,21/12/2019 09:45,21/12/2019 12:55,190,13,16
B21-14-2,,,TGAGTACG,CGTTACTA,plate-2,Hihi,Wild,Hihi + Wild,B21/14,B21/14,,S,1,4,4,4,4,2018/2019,N/A,CP13068,O/M-LG/DB,OM-JB,1,,Wild,Wild,Wild,Parent,Naive,2019/20,1,3,2017/2018,N/A,CP13034,(W)/PU-R/M,WV-RN,2,,Wild,Wild,Wild,Parent,Naive,2019/20,1,4,28/11/2019,N/A,0,N/A,,N/A,05/12/2019,08/12/2019,N/A,N/A,0,1,23/12/2019,,N/A,N/A,13/01/2020,21/01/2020,29,Hatched,Hihi + Hatched,Wild + Hatched,N/A,N/A,N/A,100,21/12/2019,09:45,21/12/2019,12:55,21/12/2019 09:45,21/12/2019 12:55,190,13,16
B21-14-3,,,TGAGTACG,AGAGTCAC,plate-2,Hihi,Wild,Hihi + Wild,B21/14,B21/14,,S,1,4,4,4,4,2018/2019,N/A,CP13068,O/M-LG/DB,OM-JB,1,,Wild,Wild,Wild,Parent,Naive,2019/20,1,3,2017/2018,N/A,CP13034,(W)/PU-R/M,WV-RN,2,,Wild,Wild,Wild,Parent,Naive,2019/20,1,4,28/11/2019,N/A,0,N/A,,N/A,05/12/2019,08/12/2019,N/A,N/A,0,1,23/12/2019,,N/A,N/A,13/01/2020,21/01/2020,29,Hatched,Hihi + Hatched,Wild + Hatched,N/A,N/A,N/A,100,21/12/2019,09:45,21/12/2019,12:55,21/12/2019 09:45,21/12/2019 12:55,190,13,16
B21-14-4,,,TGAGTACG,TACGAGAC,plate-2,Hihi,Wild,Hihi + Wild,B21/14,B21/14,,S,1,4,4,4,4,2018/2019,N/A,CP13068,O/M-LG/DB,OM-JB,1,,Wild,Wild,Wild,Parent,Naive,2019/20,1,3,2017/2018,N/A,CP13034,(W)/PU-R/M,WV-RN,2,,Wild,Wild,Wild,Parent,Naive,2019/20,1,4,28/11/2019,N/A,0,N/A,,N/A,05/12/2019,08/12/2019,N/A,N/A,0,1,23/12/2019,,N/A,N/A,13/01/2020,21/01/2020,29,Hatched,Hihi + Hatched,Wild + Hatched,N/A,N/A,N/A,100,21/12/2019,09:45,21/12/2019,12:55,21/12/2019 09:45,21/12/2019 12:55,190,13,16
B21-4-1,,,TAGTCTCC,GGATATCT,plate-1,Hihi,Wild,Hihi + Wild,B21/4,B21/4,,S,1,3,3,3,3,2018/2019,N/A,CP13061,O/M-W/PU,OM-WV,1,,Wild,Wild,Wild,Parent,Naive,2019/20,1,2,2018/2019,N/A,CP13413,O/LG-O/M,OJ-OM,1,,Wild,Wild,Wild,Parent,Naive,2019/20,1,1,28/10/2019,18/12/2019,0,N/A,,N/A,10/11/2019,12/11/2019,N/A,N/A,0,1,27/11/2019,,N/A,N/A,18/12/2019,26/12/2019,29,Hatched,Hihi + Hatched,Wild + Hatched,N/A,N/A,N/A,100,25/11/2019,11:16,25/11/2019,15:00,25/11/2019 11:16,25/11/2019 15:00,224,13,15
B21-4-2,,,TAGTCTCC,GACACCGT,plate-1,Hihi,Wild,Hihi + Wild,B21/4,B21/4,,S,1,3,3,3,3,2018/2019,N/A,CP13061,O/M-W/PU,OM-WV,1,,Wild,Wild,Wild,Parent,Naive,2019/20,1,2,2018/2019,N/A,CP13413,O/LG-O/M,OJ-OM,1,,Wild,Wild,Wild,Parent,Naive,2019/20,1,1,28/10/2019,18/12/2019,0,N/A,,N/A,10/11/2019,12/11/2019,N/A,N/A,0,1,27/11/2019,,N/A,N/A,18/12/2019,26/12/2019,29,Hatched,Hihi + Hatched,Wild + Hatched,N/A,N/A,N/A,100,25/11/2019,11:16,25/11/2019,15:00,25/11/2019 11:16,25/11/2019 15:00,224,13,15
B21-4-3,,,CGAGCGAC,ATCGTACG,plate-1,Hihi,Wild,Hihi + Wild,B21/4,B21/4,,S,1,3,3,3,3,2018/2019,N/A,CP13061,O/M-W/PU,OM-WV,1,,Wild,Wild,Wild,Parent,Naive,2019/20,1,2,2018/2019,N/A,CP13413,O/LG-O/M,OJ-OM,1,,Wild,Wild,Wild,Parent,Naive,2019/20,1,1,28/10/2019,18/12/2019,0,N/A,,N/A,10/11/2019,12/11/2019,N/A,N/A,0,1,27/11/2019,,N/A,N/A,18/12/2019,26/12/2019,29,Hatched,Hihi + Hatched,Wild + Hatched,N/A,N/A,N/A,100,25/11/2019,11:16,25/11/2019,15:00,25/11/2019 11:16,25/11/2019 15:00,224,13,15
B22-1A-1,,,TGAGTACG,GGATATCT,plate-1,Hihi,Wild,Hihi + Wild,B22/1a,B22/1a,,S,1,4,3,2,2,2018/2019,N/A,CP13554,PU/M-LG/Y,VM-JY,1,,Wild,Wild,Wild,Parent,Naive,2019/20,1,2,2018/2019,N/A,CP13499,LB/LG-O/M,SJ-OM,1,,Wild,Wild,Wild,Parent,Naive,2019/20,1,1,14/11/2019,N/A,0,N/A,,N/A,20/11/2019,23/11/2019,N/A,N/A,0,1,07/12/2019,,N/A,N/A,28/12/2019,05/01/2020,29,Hatched,Hihi + Hatched,Wild + Hatched,N/A,N/A,N/A,75,05/12/2019,11:15,05/12/2019,13:00,05/12/2019 11:15,05/12/2019 13:00,105,12,15
B22-1A-2,,,TGAGTACG,GACACCGT,plate-1,Hihi,Wild,Hihi + Wild,B22/1a,B22/1a,,S,1,4,3,2,2,2018/2019,N/A,CP13554,PU/M-LG/Y,VM-JY,1,,Wild,Wild,Wild,Parent,Naive,2019/20,1,2,2018/2019,N/A,CP13499,LB/LG-O/M,SJ-OM,1,,Wild,Wild,Wild,Parent,Naive,2019/20,1,1,14/11/2019,N/A,0,N/A,,N/A,20/11/2019,23/11/2019,N/A,N/A,0,1,07/12/2019,,N/A,N/A,28/12/2019,05/01/2020,29,Hatched,Hihi + Hatched,Wild + Hatched,N/A,N/A,N/A,75,05/12/2019,11:15,05/12/2019,13:00,05/12/2019 11:15,05/12/2019 13:00,105,12,15
B22-1A-3,,,CTGCGTAG,ATCGTACG,plate-1,Hihi,Wild,Hihi + Wild,B22/1a,B22/1a,,S,1,4,3,2,2,2018/2019,N/A,CP13554,PU/M-LG/Y,VM-JY,1,,Wild,Wild,Wild,Parent,Naive,2019/20,1,2,2018/2019,N/A,CP13499,LB/LG-O/M,SJ-OM,1,,Wild,Wild,Wild,Parent,Naive,2019/20,1,1,14/11/2019,N/A,0,N/A,,N/A,20/11/2019,23/11/2019,N/A,N/A,0,1,07/12/2019,,N/A,N/A,28/12/2019,05/01/2020,29,Hatched,Hihi + Hatched,Wild + Hatched,N/A,N/A,N/A,75,05/12/2019,11:15,05/12/2019,13:00,05/12/2019 11:15,05/12/2019 13:00,105,12,15
B22-1A-4,,,CTGCGTAG,ACTATCTG,plate-1,Hihi,Wild,Hihi + Wild,B22/1a,B22/1a,,S,1,4,3,2,2,2018/2019,N/A,CP13554,PU/M-LG/Y,VM-JY,1,,Wild,Wild,Wild,Parent,Naive,2019/20,1,2,2018/2019,N/A,CP13499,LB/LG-O/M,SJ-OM,1,,Wild,Wild,Wild,Parent,Naive,2019/20,1,1,14/11/2019,N/A,0,N/A,,N/A,20/11/2019,23/11/2019,N/A,N/A,0,0,07/12/2019,,N/A,N/A,28/12/2019,05/01/2020,29,Unhatched,Hihi + Unhatched,Wild + Unhatched,Mid-development Embryo,N/A,Undev/MDE,75,05/12/2019,11:15,05/12/2019,13:00,05/12/2019 11:15,05/12/2019 13:00,105,12,15
B22-23-1,,,ACGCTACT,GTCAGATA,plate-2,Hihi,Wild,Hihi + Wild,B22/23,B22/23,,S,1,5,5,4,4,2017/2018,N/A,CP12980,LB/M-(PU)/DG,SM-VG,2,,Wild,Wild,Wild,Parent,Experienced,2018/19,1,5,2016/2017,N/A,CP9280,(DG)/LB-W/M,GS-WM,3,,Wild,Wild,Wild,Parent,Experienced,2017/18,3,6,28/11/2019,N/A,0,N/A,,N/A,02/12/2019,06/12/2019,N/A,N/A,0,1,20/12/2019,,N/A,N/A,10/01/2020,21/01/2020,32,Hatched,Hihi + Hatched,Wild + Hatched,N/A,N/A,N/A,100,19/12/2019,12:30,19/12/2019,17:45,19/12/2019 12:30,19/12/2019 17:45,315,13,17
B22-23-2,,,ACTCACTG,CTACTATA,plate-2,Hihi,Wild,Hihi + Wild,B22/23,B22/23,,S,1,5,5,4,4,2017/2018,N/A,CP12980,LB/M-(PU)/DG,SM-VG,2,,Wild,Wild,Wild,Parent,Experienced,2018/19,1,5,2016/2017,N/A,CP9280,(DG)/LB-W/M,GS-WM,3,,Wild,Wild,Wild,Parent,Experienced,2017/18,3,6,28/11/2019,N/A,0,N/A,,N/A,02/12/2019,06/12/2019,N/A,N/A,0,1,20/12/2019,,N/A,N/A,10/01/2020,21/01/2020,32,Hatched,Hihi + Hatched,Wild + Hatched,N/A,N/A,N/A,100,19/12/2019,12:30,19/12/2019,17:45,19/12/2019 12:30,19/12/2019 17:45,315,13,17
B22-23-3,,,ACTCACTG,CGTTACTA,plate-2,Hihi,Wild,Hihi + Wild,B22/23,B22/23,,S,1,5,5,4,4,2017/2018,N/A,CP12980,LB/M-(PU)/DG,SM-VG,2,,Wild,Wild,Wild,Parent,Experienced,2018/19,1,5,2016/2017,N/A,CP9280,(DG)/LB-W/M,GS-WM,3,,Wild,Wild,Wild,Parent,Experienced,2017/18,3,6,28/11/2019,N/A,0,N/A,,N/A,02/12/2019,06/12/2019,N/A,N/A,0,1,20/12/2019,,N/A,N/A,10/01/2020,21/01/2020,32,Hatched,Hihi + Hatched,Wild + Hatched,N/A,N/A,N/A,100,19/12/2019,12:30,19/12/2019,17:45,19/12/2019 12:30,19/12/2019 17:45,315,13,17
B22-23-4,,,TAGTCTCC,ACGTCTCG,plate-2,Hihi,Wild,Hihi + Wild,B22/23,B22/23,,S,1,5,5,4,4,2017/2018,N/A,CP12980,LB/M-(PU)/DG,SM-VG,2,,Wild,Wild,Wild,Parent,Experienced,2018/19,1,5,2016/2017,N/A,CP9280,(DG)/LB-W/M,GS-WM,3,,Wild,Wild,Wild,Parent,Experienced,2017/18,3,6,28/11/2019,N/A,0,N/A,,N/A,02/12/2019,06/12/2019,N/A,N/A,0,1,20/12/2019,,N/A,N/A,10/01/2020,21/01/2020,32,Hatched,Hihi + Hatched,Wild + Hatched,N/A,N/A,N/A,100,19/12/2019,12:30,19/12/2019,17:45,19/12/2019 12:30,19/12/2019 17:45,315,13,17
B22-23-5,,,TAGTCTCC,TCGACGAG,plate-2,Hihi,Wild,Hihi + Wild,B22/23,B22/23,,S,1,5,5,4,4,2017/2018,N/A,CP12980,LB/M-(PU)/DG,SM-VG,2,,Wild,Wild,Wild,Parent,Experienced,2018/19,1,5,2016/2017,N/A,CP9280,(DG)/LB-W/M,GS-WM,3,,Wild,Wild,Wild,Parent,Experienced,2017/18,3,6,28/11/2019,N/A,0,N/A,,N/A,02/12/2019,06/12/2019,N/A,N/A,0,1,20/12/2019,,N/A,N/A,10/01/2020,21/01/2020,32,Hatched,Hihi + Hatched,Wild + Hatched,N/A,N/A,N/A,100,19/12/2019,12:30,19/12/2019,17:45,19/12/2019 12:30,19/12/2019 17:45,315,13,17
B22-25-1,,,GACATAGT,TCATCGAG,plate-1,Hihi,Wild,Hihi + Wild,B22/25,B22/25,,F,1,4,2,0,0,2018/2019,N/A,CP13437,LG/M-R/PU,JM-RV,1,,Wild,Wild,Wild,Parent,Naive,2019/20,1,2,2016/2017,N/A,CP11880,Y/LB-PI/M,YS-HM,3,,Wild,Wild,Wild,Parent,Experienced,2018/19,3,5,23/10/2019,N/A,0,N/A,,N/A,02/11/2019,05/11/2019,N/A,N/A,0,N/A,20/11/2019,,N/A,N/A,N/A,N/A,,N/A,Hihi + N/A,Wild + N/A,N/A,N/A,N/A,50,18/11/2019,11:15,18/11/2019,16:30,18/11/2019 11:15,18/11/2019 16:30,315,13,16
B22-25-2,,,GACATAGT,CGTGAGTG,plate-1,Hihi,Wild,Hihi + Wild,B22/25,B22/25,,F,1,4,2,0,0,2018/2019,N/A,CP13437,LG/M-R/PU,JM-RV,1,,Wild,Wild,Wild,Parent,Naive,2019/20,1,2,2016/2017,N/A,CP11880,Y/LB-PI/M,YS-HM,3,,Wild,Wild,Wild,Parent,Experienced,2018/19,3,5,23/10/2019,N/A,0,N/A,,N/A,02/11/2019,05/11/2019,N/A,N/A,0,0,20/11/2019,,N/A,N/A,N/A,N/A,,Unhatched,Hihi + Unhatched,Wild + Unhatched,N/A,N/A,Undeveloped,50,18/11/2019,11:13,18/11/2019,16:30,18/11/2019 11:13,18/11/2019 16:30,317,13,16
B22-25-3,,,GACATAGT,GGATATCT,plate-1,Hihi,Wild,Hihi + Wild,B22/25,B22/25,,F,1,4,2,0,0,2018/2019,N/A,CP13437,LG/M-R/PU,JM-RV,1,,Wild,Wild,Wild,Parent,Naive,2019/20,1,2,2016/2017,N/A,CP11880,Y/LB-PI/M,YS-HM,3,,Wild,Wild,Wild,Parent,Experienced,2018/19,3,5,23/10/2019,N/A,0,N/A,,N/A,02/11/2019,05/11/2019,N/A,N/A,0,N/A,20/11/2019,,N/A,N/A,N/A,N/A,,N/A,Hihi + N/A,Wild + N/A,N/A,N/A,N/A,50,18/11/2019,11:15,18/11/2019,16:30,18/11/2019 11:15,18/11/2019 16:30,315,13,16
B22-25-4,,,GACATAGT,GACACCGT,plate-1,Hihi,Wild,Hihi + Wild,B22/25,B22/25,,F,1,4,2,0,0,2018/2019,N/A,CP13437,LG/M-R/PU,JM-RV,1,,Wild,Wild,Wild,Parent,Naive,2019/20,1,2,2016/2017,N/A,CP11880,Y/LB-PI/M,YS-HM,3,,Wild,Wild,Wild,Parent,Experienced,2018/19,3,5,23/10/2019,N/A,0,N/A,,N/A,02/11/2019,05/11/2019,N/A,N/A,0,N/A,20/11/2019,,N/A,N/A,N/A,N/A,,N/A,Hihi + N/A,Wild + N/A,N/A,N/A,N/A,50,18/11/2019,11:15,18/11/2019,16:30,18/11/2019 11:15,18/11/2019 16:30,315,13,16
B22-28-1,,,ACTCACTG,AGAGTCAC,plate-2,Hihi,Wild,Hihi + Wild,B22/28,B22/28,,S,1,4,2,1,1,2017/2018,N/A,CP12941,LB/M-DB/PU,SM-BV,2,,Wild,Wild,Wild,Parent,Experienced,2018/19,3,4,2017/2018,N/A,CP13005,PU/Y-R/M,VY-RM,2,,Wild,Wild,Wild,Parent,Naive,2019/20,1,1,20/12/2019,20/12/2019,0,N/A,,N/A,03/12/2019,06/12/2019,N/A,N/A,0,N/A,20/12/2019,,N/A,N/A,10/01/2020,18/01/2020,29,N/A,Hihi + N/A,Wild + N/A,N/A,N/A,N/A,50,19/12/2019,13:18,19/12/2019,17:45,19/12/2019 13:18,19/12/2019 17:45,267,13,16
B22-28-2,,,ACTCACTG,TACGAGAC,plate-2,Hihi,Wild,Hihi + Wild,B22/28,B22/28,,S,1,4,2,1,1,2017/2018,N/A,CP12941,LB/M-DB/PU,SM-BV,2,,Wild,Wild,Wild,Parent,Experienced,2018/19,3,4,2017/2018,N/A,CP13005,PU/Y-R/M,VY-RM,2,,Wild,Wild,Wild,Parent,Naive,2019/20,1,1,20/12/2019,20/12/2019,0,N/A,,N/A,03/12/2019,06/12/2019,N/A,N/A,0,N/A,20/12/2019,,N/A,N/A,10/01/2020,18/01/2020,29,N/A,Hihi + N/A,Wild + N/A,N/A,N/A,N/A,50,19/12/2019,13:18,19/12/2019,17:45,19/12/2019 13:18,19/12/2019 17:45,267,13,16
B22-28-3,,,TAGTCTCC,GATCGTGT,plate-2,Hihi,Wild,Hihi + Wild,B22/28,B22/28,,S,1,4,2,1,1,2017/2018,N/A,CP12941,LB/M-DB/PU,SM-BV,2,,Wild,Wild,Wild,Parent,Experienced,2018/19,3,4,2017/2018,N/A,CP13005,PU/Y-R/M,VY-RM,2,,Wild,Wild,Wild,Parent,Naive,2019/20,1,1,20/12/2019,20/12/2019,0,N/A,,N/A,03/12/2019,06/12/2019,N/A,N/A,0,N/A,20/12/2019,,N/A,N/A,10/01/2020,18/01/2020,29,N/A,Hihi + N/A,Wild + N/A,N/A,N/A,N/A,50,19/12/2019,13:18,19/12/2019,17:45,19/12/2019 13:18,19/12/2019 17:45,267,13,16
B22-28-4,,,TAGTCTCC,GTCAGATA,plate-2,Hihi,Wild,Hihi + Wild,B22/28,B22/28,,S,1,4,2,1,1,2017/2018,N/A,CP12941,LB/M-DB/PU,SM-BV,2,,Wild,Wild,Wild,Parent,Experienced,2018/19,3,4,2017/2018,N/A,CP13005,PU/Y-R/M,VY-RM,2,,Wild,Wild,Wild,Parent,Naive,2019/20,1,1,20/12/2019,20/12/2019,0,N/A,,N/A,03/12/2019,06/12/2019,N/A,N/A,0,N/A,20/12/2019,,N/A,N/A,10/01/2020,18/01/2020,29,N/A,Hihi + N/A,Wild + N/A,N/A,N/A,N/A,50,19/12/2019,13:18,19/12/2019,17:45,19/12/2019 13:18,19/12/2019 17:45,267,13,16
B22-29-1,,,CGAGCGAC,ACTATCTG,plate-1,Hihi,Wild,Hihi + Wild,B22/29,B22/29,,S,1,4,3,3,3,2015/2016,N/A,CP8281,PU/R-RY/M,VR-GYPM,4,,Wild,Wild,Wild,Parent,Experienced,2016/17,2,8,2015/2016,N/A,CP9207,LG/RW-RY/M,JRW-GYPM,4,,Wild,Wild,Wild,Parent,Experienced,2017/18,1,8,29/10/2019,N/A,0,N/A,,N/A,09/11/2019,13/11/2019,N/A,N/A,1,1,28/11/2019,,N/A,N/A,18/12/2019,28/12/2019,30,Hatched,Hihi + Hatched,Wild + Hatched,N/A,N/A,N/A,75,26/11/2019,10:15,26/11/2019,15:30,26/11/2019 10:15,26/11/2019 15:30,315,13,17
B22-29-2,,,CGAGCGAC,TAGCGAGT,plate-1,Hihi,Wild,Hihi + Wild,B22/29,B22/29,,S,1,4,3,3,3,2015/2016,N/A,CP8281,PU/R-RY/M,VR-GYPM,4,,Wild,Wild,Wild,Parent,Experienced,2016/17,2,8,2015/2016,N/A,CP9207,LG/RW-RY/M,JRW-GYPM,4,,Wild,Wild,Wild,Parent,Experienced,2017/18,1,8,29/10/2019,N/A,0,N/A,,N/A,09/11/2019,13/11/2019,N/A,N/A,1,1,28/11/2019,,N/A,N/A,18/12/2019,28/12/2019,30,Hatched,Hihi + Hatched,Wild + Hatched,N/A,N/A,N/A,75,26/11/2019,10:15,26/11/2019,15:30,26/11/2019 10:15,26/11/2019 15:30,315,13,17
B22-29-3,,,CGAGCGAC,CTGCGTGT,plate-1,Hihi,Wild,Hihi + Wild,B22/29,B22/29,,S,1,4,3,3,3,2015/2016,N/A,CP8281,PU/R-RY/M,VR-GYPM,4,,Wild,Wild,Wild,Parent,Experienced,2016/17,2,8,2015/2016,N/A,CP9207,LG/RW-RY/M,JRW-GYPM,4,,Wild,Wild,Wild,Parent,Experienced,2017/18,1,8,29/10/2019,N/A,0,N/A,,N/A,09/11/2019,13/11/2019,N/A,N/A,1,1,28/11/2019,,N/A,N/A,18/12/2019,28/12/2019,30,Hatched,Hihi + Hatched,Wild + Hatched,N/A,N/A,N/A,75,26/11/2019,10:15,26/11/2019,15:30,26/11/2019 10:15,26/11/2019 15:30,315,13,17
B22-29-4,,,CGAGCGAC,TCATCGAG,plate-1,Hihi,Wild,Hihi + Wild,B22/29,B22/29,,S,1,4,3,3,3,2015/2016,N/A,CP8281,PU/R-RY/M,VR-GYPM,4,,Wild,Wild,Wild,Parent,Experienced,2016/17,2,8,2015/2016,N/A,CP9207,LG/RW-RY/M,JRW-GYPM,4,,Wild,Wild,Wild,Parent,Experienced,2017/18,1,8,29/10/2019,N/A,0,N/A,,N/A,09/11/2019,13/11/2019,N/A,N/A,1,0,28/11/2019,,N/A,N/A,18/12/2019,28/12/2019,30,Unhatched,Hihi + Unhatched,Wild + Unhatched,Addled,N/A,Undeveloped,75,26/11/2019,10:15,26/11/2019,15:30,26/11/2019 10:15,26/11/2019 15:30,315,13,17
B22-30-1,,,CGAGAGTT,ATCGTACG,plate-1,Hihi,Wild,Hihi + Wild,B22/30,B22/30,,S,1,4,3,3,3,2015/2016,N/A,CP9214,O/RW-RY/M,ORW-GYPM,4,,Wild,Wild,Wild,Parent,Experienced,2016/17,2,9,2015/2016,N/A,CP8202,RY/M-O/DG,GYPM-OG,4,,Wild,Wild,Wild,Parent,Experienced,2016/17,1,3,23/10/2019,09/12/2019,0,N/A,,N/A,01/11/2019,04/11/2019,N/A,N/A,0,1,18/11/2019,,N/A,N/A,09/12/2019,17/12/2019,29,Hatched,Hihi + Hatched,Wild + Hatched,N/A,N/A,Developed,75,17/11/2019,12:18,17/11/2019,18:00,17/11/2019 12:18,17/11/2019 18:00,342,13,16
B22-30-2,,,CGAGAGTT,ACTATCTG,plate-1,Hihi,Wild,Hihi + Wild,B22/30,B22/30,,S,1,4,3,3,3,2015/2016,N/A,CP9214,O/RW-RY/M,ORW-GYPM,4,,Wild,Wild,Wild,Parent,Experienced,2016/17,2,9,2015/2016,N/A,CP8202,RY/M-O/DG,GYPM-OG,4,,Wild,Wild,Wild,Parent,Experienced,2016/17,1,3,23/10/2019,09/12/2019,0,N/A,,N/A,01/11/2019,04/11/2019,N/A,N/A,0,0,18/11/2019,,N/A,N/A,09/12/2019,17/12/2019,29,Unhatched,Hihi + Unhatched,Wild + Unhatched,Addled,N/A,Undeveloped,75,17/11/2019,12:18,17/11/2019,18:00,17/11/2019 12:18,17/11/2019 18:00,342,13,16
B22-30-3,,,CGAGAGTT,TAGCGAGT,plate-1,Hihi,Wild,Hihi + Wild,B22/30,B22/30,,S,1,4,3,3,3,2015/2016,N/A,CP9214,O/RW-RY/M,ORW-GYPM,4,,Wild,Wild,Wild,Parent,Experienced,2016/17,2,9,2015/2016,N/A,CP8202,RY/M-O/DG,GYPM-OG,4,,Wild,Wild,Wild,Parent,Experienced,2016/17,1,3,23/10/2019,09/12/2019,0,N/A,,N/A,01/11/2019,04/11/2019,N/A,N/A,0,1,18/11/2019,,N/A,N/A,09/12/2019,17/12/2019,29,Hatched,Hihi + Hatched,Wild + Hatched,N/A,N/A,Developed,75,17/11/2019,12:18,17/11/2019,18:00,17/11/2019 12:18,17/11/2019 18:00,342,13,16
B22-30-4,,,CGAGAGTT,CTGCGTGT,plate-1,Hihi,Wild,Hihi + Wild,B22/30,B22/30,,S,1,4,3,3,3,2015/2016,N/A,CP9214,O/RW-RY/M,ORW-GYPM,4,,Wild,Wild,Wild,Parent,Experienced,2016/17,2,9,2015/2016,N/A,CP8202,RY/M-O/DG,GYPM-OG,4,,Wild,Wild,Wild,Parent,Experienced,2016/17,1,3,23/10/2019,09/12/2019,0,N/A,,N/A,01/11/2019,04/11/2019,N/A,N/A,0,1,18/11/2019,,N/A,N/A,09/12/2019,17/12/2019,29,Hatched,Hihi + Hatched,Wild + Hatched,N/A,N/A,Developed,75,17/11/2019,12:18,17/11/2019,18:00,17/11/2019 12:18,17/11/2019 18:00,342,13,16
B22-37-1,,,TGAGTACG,TAGCGAGT,plate-1,Hihi,Wild,Hihi + Wild,B22/37,B22/37,,S,1,4,4,2,2,2018/2019,N/A,CP13445,LG/M-PU/W,JM-VW,1,,Wild,Wild,Wild,Parent,Naive,2019/20,1,3,2018/2019,N/A,CP13512,LB/PI-O/M,SH-OM,1,,Wild,Wild,Wild,Parent,Naive,2019/20,1,1,02/11/2019,22/12/2019,0,N/A,,N/A,11/11/2019,15/11/2019,N/A,N/A,1,1,29/11/2019,,N/A,N/A,22/12/2019,28/12/2019,29,Hatched,Hihi + Hatched,Wild + Hatched,N/A,N/A,N/A,100,28/11/2019,09:35,28/11/2019,10:40,28/11/2019 09:35,28/11/2019 10:40,65,13,17
B22-37-2,,,TGAGTACG,CTGCGTGT,plate-1,Hihi,Wild,Hihi + Wild,B22/37,B22/37,,S,1,4,4,2,2,2018/2019,N/A,CP13445,LG/M-PU/W,JM-VW,1,,Wild,Wild,Wild,Parent,Naive,2019/20,1,3,2018/2019,N/A,CP13512,LB/PI-O/M,SH-OM,1,,Wild,Wild,Wild,Parent,Naive,2019/20,1,1,02/11/2019,22/12/2019,0,N/A,,N/A,11/11/2019,15/11/2019,N/A,N/A,1,1,29/11/2019,,N/A,N/A,22/12/2019,28/12/2019,29,Hatched,Hihi + Hatched,Wild + Hatched,N/A,N/A,N/A,100,28/11/2019,09:35,28/11/2019,10:40,28/11/2019 09:35,28/11/2019 10:40,65,13,17
B22-37-3,,,TGAGTACG,TCATCGAG,plate-1,Hihi,Wild,Hihi + Wild,B22/37,B22/37,,S,1,4,4,2,2,2018/2019,N/A,CP13445,LG/M-PU/W,JM-VW,1,,Wild,Wild,Wild,Parent,Naive,2019/20,1,3,2018/2019,N/A,CP13512,LB/PI-O/M,SH-OM,1,,Wild,Wild,Wild,Parent,Naive,2019/20,1,1,02/11/2019,22/12/2019,0,N/A,,N/A,11/11/2019,15/11/2019,N/A,N/A,1,1,29/11/2019,,N/A,N/A,22/12/2019,28/12/2019,29,Hatched,Hihi + Hatched,Wild + Hatched,N/A,N/A,N/A,100,28/11/2019,09:35,28/11/2019,10:40,28/11/2019 09:35,28/11/2019 10:40,65,13,17
B22-37-4,,,TGAGTACG,CGTGAGTG,plate-1,Hihi,Wild,Hihi + Wild,B22/37,B22/37,,S,1,4,4,2,2,2018/2019,N/A,CP13445,LG/M-PU/W,JM-VW,1,,Wild,Wild,Wild,Parent,Naive,2019/20,1,3,2018/2019,N/A,CP13512,LB/PI-O/M,SH-OM,1,,Wild,Wild,Wild,Parent,Naive,2019/20,1,1,02/11/2019,22/12/2019,0,N/A,,N/A,11/11/2019,15/11/2019,N/A,N/A,1,1,29/11/2019,,N/A,N/A,22/12/2019,28/12/2019,29,Hatched,Hihi + Hatched,Wild + Hatched,N/A,N/A,N/A,100,28/11/2019,09:35,28/11/2019,10:40,28/11/2019 09:35,28/11/2019 10:40,65,13,17
B22-4-1,,,GACATAGT,ACGTCTCG,plate-2,Hihi,Wild,Hihi + Wild,B22/4,B22/4,,S,1,4,4,4,4,2018/2019,N/A,CP13527,LG/M-LB/Y,JM-SY,1,,Wild,Wild,Wild,Parent,Naive,2019/20,1,2,2018/2019,N/A,CP13520,Y/W-LG/M,YW-JM,1,,Wild,Wild,Wild,Parent,Naive,2019/20,1,1,02/11/2019,31/12/2019,0,N/A,,N/A,24/11/2019,27/11/2019,N/A,N/A,0,1,11/12/2019,,N/A,N/A,31/12/2019,15/01/2020,35,Hatched,Hihi + Hatched,Wild + Hatched,N/A,N/A,N/A,100,10/12/2019,12:05,10/12/2019,18:55,10/12/2019 12:05,10/12/2019 18:55,410,13,16
B22-4-2,,,GACATAGT,TCGACGAG,plate-2,Hihi,Wild,Hihi + Wild,B22/4,B22/4,,S,1,4,4,4,4,2018/2019,N/A,CP13527,LG/M-LB/Y,JM-SY,1,,Wild,Wild,Wild,Parent,Naive,2019/20,1,2,2018/2019,N/A,CP13520,Y/W-LG/M,YW-JM,1,,Wild,Wild,Wild,Parent,Naive,2019/20,1,1,02/11/2019,31/12/2019,0,N/A,,N/A,24/11/2019,27/11/2019,N/A,N/A,0,1,11/12/2019,,N/A,N/A,31/12/2019,15/01/2020,35,Hatched,Hihi + Hatched,Wild + Hatched,N/A,N/A,N/A,100,10/12/2019,12:05,10/12/2019,18:55,10/12/2019 12:05,10/12/2019 18:55,410,13,16
B22-4-3,,,GACATAGT,GATCGTGT,plate-2,Hihi,Wild,Hihi + Wild,B22/4,B22/4,,S,1,4,4,4,4,2018/2019,N/A,CP13527,LG/M-LB/Y,JM-SY,1,,Wild,Wild,Wild,Parent,Naive,2019/20,1,2,2018/2019,N/A,CP13520,Y/W-LG/M,YW-JM,1,,Wild,Wild,Wild,Parent,Naive,2019/20,1,1,02/11/2019,31/12/2019,0,N/A,,N/A,24/11/2019,27/11/2019,N/A,N/A,0,1,11/12/2019,,N/A,N/A,31/12/2019,15/01/2020,35,Hatched,Hihi + Hatched,Wild + Hatched,N/A,N/A,N/A,100,10/12/2019,12:05,10/12/2019,18:55,10/12/2019 12:05,10/12/2019 18:55,410,13,16
B22-4-4,,,GACATAGT,GTCAGATA,plate-2,Hihi,Wild,Hihi + Wild,B22/4,B22/4,,S,1,4,4,4,4,2018/2019,N/A,CP13527,LG/M-LB/Y,JM-SY,1,,Wild,Wild,Wild,Parent,Naive,2019/20,1,2,2018/2019,N/A,CP13520,Y/W-LG/M,YW-JM,1,,Wild,Wild,Wild,Parent,Naive,2019/20,1,1,02/11/2019,31/12/2019,0,N/A,,N/A,24/11/2019,27/11/2019,N/A,N/A,0,1,11/12/2019,,N/A,N/A,31/12/2019,15/01/2020,35,Hatched,Hihi + Hatched,Wild + Hatched,N/A,N/A,N/A,100,10/12/2019,12:05,10/12/2019,18:55,10/12/2019 12:05,10/12/2019 18:55,410,13,16
B22-9-1,,,CGAGCGAC,CTACTATA,plate-2,Hihi,Wild,Hihi + Wild,B22/9,B22/9,,S,1,3,2,2,2,2017/2018,N/A,CP13003,R/M-O/PU,RM-OV,2,,Wild,Wild,Wild,Parent,Experienced,2018/19,3,4,2017/2018,N/A,CP12978,DG/W-LB/M,GW-SM,2,,Wild,Wild,Wild,Parent,Naive,2019/20,1,1,02/12/2019,N/A,0,N/A,,N/A,05/12/2019,07/12/2019,N/A,N/A,,0,22/12/2019,,N/A,N/A,12/01/2020,21/01/2020,30,Unhatched,Hihi + Unhatched,Wild + Unhatched,Addled - embryo,N/A,Undeveloped,66.66666667,20/12/2019,12:20,20/12/2019,14:25,20/12/2019 12:20,20/12/2019 14:25,125,13,15
B22-9-2,,,CGAGCGAC,CGTTACTA,plate-2,Hihi,Wild,Hihi + Wild,B22/9,B22/9,,S,1,3,2,2,2,2017/2018,N/A,CP13003,R/M-O/PU,RM-OV,2,,Wild,Wild,Wild,Parent,Experienced,2018/19,3,4,2017/2018,N/A,CP12978,DG/W-LB/M,GW-SM,2,,Wild,Wild,Wild,Parent,Naive,2019/20,1,1,02/12/2019,N/A,0,N/A,,N/A,05/12/2019,07/12/2019,N/A,N/A,,1,22/12/2019,,N/A,N/A,12/01/2020,21/01/2020,30,Hatched,Hihi + Hatched,Wild + Hatched,N/A,N/A,N/A,66.66666667,20/12/2019,12:20,20/12/2019,14:25,20/12/2019 12:20,20/12/2019 14:25,125,13,15
B22-9-3,,,CGAGCGAC,AGAGTCAC,plate-2,Hihi,Wild,Hihi + Wild,B22/9,B22/9,,S,1,3,2,2,2,2017/2018,N/A,CP13003,R/M-O/PU,RM-OV,2,,Wild,Wild,Wild,Parent,Experienced,2018/19,3,4,2017/2018,N/A,CP12978,DG/W-LB/M,GW-SM,2,,Wild,Wild,Wild,Parent,Naive,2019/20,1,1,02/12/2019,N/A,0,N/A,,N/A,05/12/2019,07/12/2019,N/A,N/A,,1,22/12/2019,,N/A,N/A,12/01/2020,21/01/2020,30,Hatched,Hihi + Hatched,Wild + Hatched,N/A,N/A,N/A,66.66666667,20/12/2019,12:20,20/12/2019,14:25,20/12/2019 12:20,20/12/2019 14:25,125,13,15
B23-8-1,,,TATAGCGA,TCATCGAG,plate-1,Hihi,Wild,Hihi + Wild,B23/8,B23/8,,S,1,4,3,2,2,2016/2017,N/A,CP11802,W/M-LG/R,WM-JR,3,,Wild,Wild,Wild,Parent,Experienced,2017/18,2,8,2016/2017,N/A,CP9260,DB/DB-W/M,BB-WM,3,,Wild,Wild,Wild,Parent,Experienced,2018/19,1,2,28/10/2019,N/A,0,N/A,,N/A,04/11/2019,07/11/2019,N/A,N/A,0,1,22/11/2019,,N/A,N/A,13/12/2019,21/12/2019,29,Hatched,Hihi + Hatched,Wild + Hatched,N/A,N/A,N/A,75,20/11/2019,12:40,20/11/2019,14:40,20/11/2019 12:40,20/11/2019 14:40,120,13,16
B23-8-2,,,TATAGCGA,CGTGAGTG,plate-1,Hihi,Wild,Hihi + Wild,B23/8,B23/8,,S,1,4,3,2,2,2016/2017,N/A,CP11802,W/M-LG/R,WM-JR,3,,Wild,Wild,Wild,Parent,Experienced,2017/18,2,8,2016/2017,N/A,CP9260,DB/DB-W/M,BB-WM,3,,Wild,Wild,Wild,Parent,Experienced,2018/19,1,2,28/10/2019,N/A,0,N/A,,N/A,04/11/2019,07/11/2019,N/A,N/A,0,0,22/11/2019,,N/A,N/A,13/12/2019,21/12/2019,29,Unhatched,Hihi + Unhatched,Wild + Unhatched,Addled - embryo,N/A,Undeveloped,75,20/11/2019,12:40,20/11/2019,14:40,20/11/2019 12:40,20/11/2019 14:40,120,13,16
B23-8-3,,,CGAGAGTT,CTACTATA,plate-2,Hihi,Wild,Hihi + Wild,B23/8,B23/8,,S,1,4,3,2,2,2016/2017,N/A,CP11802,W/M-LG/R,WM-JR,3,,Wild,Wild,Wild,Parent,Experienced,2017/18,2,8,2016/2017,N/A,CP9260,DB/DB-W/M,BB-WM,3,,Wild,Wild,Wild,Parent,Experienced,2018/19,1,2,28/10/2019,N/A,0,N/A,,N/A,04/11/2019,07/11/2019,N/A,N/A,0,1,22/11/2019,,N/A,N/A,13/12/2019,21/12/2019,29,Hatched,Hihi + Hatched,Wild + Hatched,N/A,N/A,N/A,75,20/11/2019,12:40,20/11/2019,14:40,20/11/2019 12:40,20/11/2019 14:40,120,13,16
B23-8-4,,,CGAGAGTT,CGTTACTA,plate-2,Hihi,Wild,Hihi + Wild,B23/8,B23/8,,S,1,4,3,2,2,2016/2017,N/A,CP11802,W/M-LG/R,WM-JR,3,,Wild,Wild,Wild,Parent,Experienced,2017/18,2,8,2016/2017,N/A,CP9260,DB/DB-W/M,BB-WM,3,,Wild,Wild,Wild,Parent,Experienced,2018/19,1,2,28/10/2019,N/A,0,N/A,,N/A,04/11/2019,07/11/2019,N/A,N/A,0,1,22/11/2019,,N/A,N/A,13/12/2019,21/12/2019,29,Hatched,Hihi + Hatched,Wild + Hatched,N/A,N/A,N/A,75,20/11/2019,12:40,20/11/2019,14:40,20/11/2019 12:40,20/11/2019 14:40,120,13,16
B3-10-1,,,ACGCTACT,ATCGTACG,plate-1,Hihi,Wild,Hihi + Wild,B3/10,B3/10,,S,1,3,3,3,3,2016/2017,N/A,CP11865,LB/DG-PI/M,SG-HM,3,,Wild,Wild,Wild,Parent,Experienced,2017/18,1,4,2013/2014,N/A,C94437,BK/(O)-LB/M,NO-SM,6,,Wild,Wild,Wild,Parent,Experienced,2015/16,3,13,28/10/2019,N/A,0,N/A,,N/A,01/11/2019,04/11/2019,N/A,N/A,1,1,19/11/2019,,N/A,N/A,10/12/2019,18/12/2019,29,Hatched,Hihi + Hatched,Wild + Hatched,N/A,N/A,Developed,100,17/11/2019,13:55,17/11/2019,18:00,17/11/2019 13:55,17/11/2019 18:00,245,13,16
B3-10-2,,,ACGCTACT,ACTATCTG,plate-1,Hihi,Wild,Hihi + Wild,B3/10,B3/10,,S,1,3,3,3,3,2016/2017,N/A,CP11865,LB/DG-PI/M,SG-HM,3,,Wild,Wild,Wild,Parent,Experienced,2017/18,1,4,2013/2014,N/A,C94437,BK/(O)-LB/M,NO-SM,6,,Wild,Wild,Wild,Parent,Experienced,2015/16,3,13,28/10/2019,N/A,0,N/A,,N/A,01/11/2019,04/11/2019,N/A,N/A,1,1,19/11/2019,,N/A,N/A,10/12/2019,18/12/2019,29,Hatched,Hihi + Hatched,Wild + Hatched,N/A,N/A,N/A,100,17/11/2019,13:55,17/11/2019,18:00,17/11/2019 13:55,17/11/2019 18:00,245,13,16
B3-10-3,,,ACGCTACT,TAGCGAGT,plate-1,Hihi,Wild,Hihi + Wild,B3/10,B3/10,,S,1,3,3,3,3,2016/2017,N/A,CP11865,LB/DG-PI/M,SG-HM,3,,Wild,Wild,Wild,Parent,Experienced,2017/18,1,4,2013/2014,N/A,C94437,BK/(O)-LB/M,NO-SM,6,,Wild,Wild,Wild,Parent,Experienced,2015/16,3,13,28/10/2019,N/A,0,N/A,,N/A,01/11/2019,04/11/2019,N/A,N/A,1,1,19/11/2019,,N/A,N/A,10/12/2019,18/12/2019,29,Hatched,Hihi + Hatched,Wild + Hatched,N/A,N/A,Developed,100,17/11/2019,13:55,17/11/2019,18:00,17/11/2019 13:55,17/11/2019 18:00,245,13,16
B3-2-1,,,TAGTCTCC,CTACTATA,plate-2,Hihi,Wild,Hihi + Wild,B3/2,B3/2,,S,1,4,4,3,3,2016/2017,N/A,CP11856,PI/M-BK/(PU),HM-NV,3,,Wild,Wild,Wild,Parent,Experienced,2017/18,2,5,2017/2018,N/A,CP12967,LG/Y-LB/M,JY-SM,2,,Wild,Wild,Wild,Parent,Experienced,2018/19,1,1,01/12/2019,04/01/2020,0,N/A,,N/A,06/12/2019,09/12/2019,N/A,N/A,0,1,23/12/2019,,N/A,N/A,13/01/2020,21/01/2020,29,Hatched,Hihi + Hatched,Wild + Hatched,N/A,N/A,N/A,100,22/12/2019,13:00,22/12/2019,14:15,22/12/2019 13:00,22/12/2019 14:15,75,13,16
B3-2-2,,,TAGTCTCC,CGTTACTA,plate-2,Hihi,Wild,Hihi + Wild,B3/2,B3/2,,S,1,4,4,3,3,2016/2017,N/A,CP11856,PI/M-BK/(PU),HM-NV,3,,Wild,Wild,Wild,Parent,Experienced,2017/18,2,5,2017/2018,N/A,CP12967,LG/Y-LB/M,JY-SM,2,,Wild,Wild,Wild,Parent,Experienced,2018/19,1,1,01/12/2019,04/01/2020,0,N/A,,N/A,06/12/2019,09/12/2019,N/A,N/A,0,1,23/12/2019,,N/A,N/A,13/01/2020,21/01/2020,29,Hatched,Hihi + Hatched,Wild + Hatched,N/A,N/A,N/A,100,22/12/2019,13:00,22/12/2019,14:15,22/12/2019 13:00,22/12/2019 14:15,75,13,16
B3-2-3,,,TAGTCTCC,AGAGTCAC,plate-2,Hihi,Wild,Hihi + Wild,B3/2,B3/2,,S,1,4,4,3,3,2016/2017,N/A,CP11856,PI/M-BK/(PU),HM-NV,3,,Wild,Wild,Wild,Parent,Experienced,2017/18,2,5,2017/2018,N/A,CP12967,LG/Y-LB/M,JY-SM,2,,Wild,Wild,Wild,Parent,Experienced,2018/19,1,1,01/12/2019,04/01/2020,0,N/A,,N/A,06/12/2019,09/12/2019,N/A,N/A,0,1,23/12/2019,,N/A,N/A,13/01/2020,21/01/2020,29,Hatched,Hihi + Hatched,Wild + Hatched,N/A,N/A,N/A,100,22/12/2019,13:00,22/12/2019,14:15,22/12/2019 13:00,22/12/2019 14:15,75,13,16
B3-2-4,,,TAGTCTCC,TACGAGAC,plate-2,Hihi,Wild,Hihi + Wild,B3/2,B3/2,,S,1,4,4,3,3,2016/2017,N/A,CP11856,PI/M-BK/(PU),HM-NV,3,,Wild,Wild,Wild,Parent,Experienced,2017/18,2,5,2017/2018,N/A,CP12967,LG/Y-LB/M,JY-SM,2,,Wild,Wild,Wild,Parent,Experienced,2018/19,1,1,01/12/2019,04/01/2020,0,N/A,,N/A,06/12/2019,09/12/2019,N/A,N/A,0,1,23/12/2019,,N/A,N/A,13/01/2020,21/01/2020,29,Hatched,Hihi + Hatched,Wild + Hatched,N/A,N/A,N/A,100,22/12/2019,13:00,22/12/2019,14:15,22/12/2019 13:00,22/12/2019 14:15,75,13,16
B4-1-1,,,GTCTATGA,CGTGAGTG,plate-1,Hihi,Wild,Hihi + Wild,B4/1,B4/1,,S,1,4,1,1,1,2014/2015,N/A,CP8183,Y/O-W/M,OGO-WM,5,,Wild,Wild,Wild,Parent,Experienced,2015/16,5,12,2017/2018,N/A,CP12937,BK/R-LB/M,NR-SM,2,,Wild,Wild,Wild,Parent,Experienced,2018/19,2,2,31/10/2019,13/12/2019,0,N/A,,N/A,05/11/2019,08/11/2019,N/A,N/A,0,0,22/11/2019,,N/A,N/A,13/12/2019,24/12/2019,32,Unhatched,Hihi + Unhatched,Wild + Unhatched,N/A,N/A,Undeveloped,25,21/11/2019,16:40,21/11/2019,17:30,21/11/2019 16:40,21/11/2019 17:30,50,13,16
B4-1-2,,,GTCTATGA,GGATATCT,plate-1,Hihi,Wild,Hihi + Wild,B4/1,B4/1,,S,1,4,1,1,1,2014/2015,N/A,CP8183,Y/O-W/M,OGO-WM,5,,Wild,Wild,Wild,Parent,Experienced,2015/16,5,12,2017/2018,N/A,CP12937,BK/R-LB/M,NR-SM,2,,Wild,Wild,Wild,Parent,Experienced,2018/19,2,2,31/10/2019,13/12/2019,0,N/A,,N/A,05/11/2019,08/11/2019,N/A,N/A,0,1,22/11/2019,,N/A,N/A,13/12/2019,24/12/2019,32,Hatched,Hihi + Hatched,Wild + Hatched,N/A,N/A,N/A,25,21/11/2019,16:40,21/11/2019,17:30,21/11/2019 16:40,21/11/2019 17:30,50,13,16
B4-1-3,,,GTCTATGA,GACACCGT,plate-1,Hihi,Wild,Hihi + Wild,B4/1,B4/1,,S,1,4,1,1,1,2014/2015,N/A,CP8183,Y/O-W/M,OGO-WM,5,,Wild,Wild,Wild,Parent,Experienced,2015/16,5,12,2017/2018,N/A,CP12937,BK/R-LB/M,NR-SM,2,,Wild,Wild,Wild,Parent,Experienced,2018/19,2,2,31/10/2019,13/12/2019,0,N/A,,N/A,05/11/2019,08/11/2019,N/A,N/A,0,0,22/11/2019,,N/A,N/A,13/12/2019,24/12/2019,32,Unhatched,Hihi + Unhatched,Wild + Unhatched,N/A,N/A,Undeveloped,25,21/11/2019,16:40,21/11/2019,17:30,21/11/2019 16:40,21/11/2019 17:30,50,13,16
B4-1-4,,,TATAGCGA,ATCGTACG,plate-1,Hihi,Wild,Hihi + Wild,B4/1,B4/1,,S,1,4,1,1,1,2014/2015,N/A,CP8183,Y/O-W/M,OGO-WM,5,,Wild,Wild,Wild,Parent,Experienced,2015/16,5,12,2017/2018,N/A,CP12937,BK/R-LB/M,NR-SM,2,,Wild,Wild,Wild,Parent,Experienced,2018/19,2,2,31/10/2019,13/12/2019,0,N/A,,N/A,05/11/2019,08/11/2019,N/A,N/A,0,0,22/11/2019,,N/A,N/A,13/12/2019,24/12/2019,32,Unhatched,Hihi + Unhatched,Wild + Unhatched,N/A,N/A,Undeveloped,25,21/11/2019,16:40,21/11/2019,17:30,21/11/2019 16:40,21/11/2019 17:30,50,13,16
B4-3-1,,,CTGCGTAG,CTACTATA,plate-2,Hihi,Wild,Hihi + Wild,B4/3,B4/3,,S,1,4,3,3,3,2017/2018,N/A,CP13021,R/M-PU/W,RM-VW,2,,Wild,Wild,Wild,Parent,Experienced,2018/19,2,7,2018/2019,N/A,CP13552,W/Y-LG/M,WY-JM,1,,Wild,Wild,Wild,Parent,Naive,2019/20,1,1,04/12/2019,N/A,0,N/A,,N/A,07/12/2019,10/12/2019,N/A,N/A,0,N/A,24/12/2019,,N/A,N/A,14/01/2020,22/01/2020,29,N/A,Hihi + N/A,Wild + N/A,N/A,N/A,N/A,75,23/12/2019,14:55,23/12/2019,15:45,23/12/2019 14:55,23/12/2019 15:45,50,13,16
B4-3-2,,,CTGCGTAG,CGTTACTA,plate-2,Hihi,Wild,Hihi + Wild,B4/3,B4/3,,S,1,4,3,3,3,2017/2018,N/A,CP13021,R/M-PU/W,RM-VW,2,,Wild,Wild,Wild,Parent,Experienced,2018/19,2,7,2018/2019,N/A,CP13552,W/Y-LG/M,WY-JM,1,,Wild,Wild,Wild,Parent,Naive,2019/20,1,1,04/12/2019,N/A,0,N/A,,N/A,07/12/2019,10/12/2019,N/A,N/A,0,N/A,24/12/2019,,N/A,N/A,14/01/2020,22/01/2020,29,N/A,Hihi + N/A,Wild + N/A,N/A,N/A,N/A,75,23/12/2019,14:55,23/12/2019,15:45,23/12/2019 14:55,23/12/2019 15:45,50,13,16
B4-3-3,,,CTGCGTAG,AGAGTCAC,plate-2,Hihi,Wild,Hihi + Wild,B4/3,B4/3,,S,1,4,3,3,3,2017/2018,N/A,CP13021,R/M-PU/W,RM-VW,2,,Wild,Wild,Wild,Parent,Experienced,2018/19,2,7,2018/2019,N/A,CP13552,W/Y-LG/M,WY-JM,1,,Wild,Wild,Wild,Parent,Naive,2019/20,1,1,04/12/2019,N/A,0,N/A,,N/A,07/12/2019,10/12/2019,N/A,N/A,0,N/A,24/12/2019,,N/A,N/A,14/01/2020,22/01/2020,29,N/A,Hihi + N/A,Wild + N/A,N/A,N/A,N/A,75,23/12/2019,14:55,23/12/2019,15:45,23/12/2019 14:55,23/12/2019 15:45,50,13,16
B4-3-4,,,CTGCGTAG,TACGAGAC,plate-2,Hihi,Wild,Hihi + Wild,B4/3,B4/3,,S,1,4,3,3,3,2017/2018,N/A,CP13021,R/M-PU/W,RM-VW,2,,Wild,Wild,Wild,Parent,Experienced,2018/19,2,7,2018/2019,N/A,CP13552,W/Y-LG/M,WY-JM,1,,Wild,Wild,Wild,Parent,Naive,2019/20,1,1,04/12/2019,N/A,0,N/A,,N/A,07/12/2019,10/12/2019,N/A,N/A,0,N/A,24/12/2019,,N/A,N/A,14/01/2020,22/01/2020,29,N/A,Hihi + N/A,Wild + N/A,N/A,N/A,N/A,75,23/12/2019,14:35,23/12/2019,15:45,23/12/2019 14:35,23/12/2019 15:45,70,13,16
B6-4-1,,,ACGCTACT,CTACTATA,plate-2,Hihi,Wild,Hihi + Wild,B6/4,B6/4,,S,1,4,3,3,3,2017/2018,N/A,CP12972,LB/M-Y/LG,SM-YJ,2,,Wild,Wild,Wild,Parent,Experienced,2018/19,2,4,2018/2019,N/A,CP13480,BK/Y-LG/M,NY-JM,1,,Wild,Wild,Wild,Parent,Naive,2019/20,1,1,26/11/2019,N/A,0,N/A,,N/A,02/12/2019,05/12/2019,N/A,N/A,0,0,19/12/2019,,N/A,N/A,09/01/2020,17/01/2020,29,Unhatched,Hihi + Unhatched,Wild + Unhatched,Addled,N/A,Undeveloped,75,18/12/2019,14:37,18/12/2019,16:35,18/12/2019 14:37,18/12/2019 16:35,118,13,16
B6-4-2,,,ACGCTACT,CGTTACTA,plate-2,Hihi,Wild,Hihi + Wild,B6/4,B6/4,,S,1,4,3,3,3,2017/2018,N/A,CP12972,LB/M-Y/LG,SM-YJ,2,,Wild,Wild,Wild,Parent,Experienced,2018/19,2,4,2018/2019,N/A,CP13480,BK/Y-LG/M,NY-JM,1,,Wild,Wild,Wild,Parent,Naive,2019/20,1,1,26/11/2019,N/A,0,N/A,,N/A,02/12/2019,05/12/2019,N/A,N/A,0,1,19/12/2019,,N/A,N/A,09/01/2020,17/01/2020,29,Hatched,Hihi + Hatched,Wild + Hatched,N/A,N/A,N/A,75,18/12/2019,14:37,18/12/2019,16:35,18/12/2019 14:37,18/12/2019 16:35,118,13,16
B6-4-3,,,ACGCTACT,AGAGTCAC,plate-2,Hihi,Wild,Hihi + Wild,B6/4,B6/4,,S,1,4,3,3,3,2017/2018,N/A,CP12972,LB/M-Y/LG,SM-YJ,2,,Wild,Wild,Wild,Parent,Experienced,2018/19,2,4,2018/2019,N/A,CP13480,BK/Y-LG/M,NY-JM,1,,Wild,Wild,Wild,Parent,Naive,2019/20,1,1,26/11/2019,N/A,0,N/A,,N/A,02/12/2019,05/12/2019,N/A,N/A,0,1,19/12/2019,,N/A,N/A,09/01/2020,17/01/2020,29,Hatched,Hihi + Hatched,Wild + Hatched,N/A,N/A,N/A,75,18/12/2019,14:37,18/12/2019,16:35,18/12/2019 14:37,18/12/2019 16:35,118,13,16
B6-4-4,,,ACGCTACT,TACGAGAC,plate-2,Hihi,Wild,Hihi + Wild,B6/4,B6/4,,S,1,4,3,3,3,2017/2018,N/A,CP12972,LB/M-Y/LG,SM-YJ,2,,Wild,Wild,Wild,Parent,Experienced,2018/19,2,4,2018/2019,N/A,CP13480,BK/Y-LG/M,NY-JM,1,,Wild,Wild,Wild,Parent,Naive,2019/20,1,1,26/11/2019,N/A,0,N/A,,N/A,02/12/2019,05/12/2019,N/A,N/A,0,1,19/12/2019,,N/A,N/A,09/01/2020,17/01/2020,29,Hatched,Hihi + Hatched,Wild + Hatched,N/A,N/A,N/A,75,18/12/2019,14:37,18/12/2019,16:35,18/12/2019 14:37,18/12/2019 16:35,118,13,16
BH-2-1,,,TGAGTACG,ACGTCTCG,plate-2,Hihi,Wild,Hihi + Wild,BH/2,BH/2,,S,1,4,2,2,2,2018/2019,N/A,CP13457,LG/M-W/PU,JM-WV,1,,Wild,Wild,Wild,Parent,Naive,2019/20,1,2,2015/2016,N/A,CP8228,Y/LG-Y/M,HJ-GYPM,4,,Wild,Wild,Wild,Parent,Experienced,2017/18,2,6,30/11/2019,N/A,0,N/A,,N/A,08/12/2019,11/12/2019,N/A,N/A,0,N/A,26/12/2019,,N/A,N/A,19/01/2020,25/01/2020,30,N/A,Hihi + N/A,Wild + N/A,N/A,N/A,N/A,50,24/12/2019,13:35,24/12/2019,13:54,24/12/2019 13:35,24/12/2019 13:54,19,13,16
BH-2-2,,,TGAGTACG,TCGACGAG,plate-2,Hihi,Wild,Hihi + Wild,BH/2,BH/2,,S,1,4,2,2,2,2018/2019,N/A,CP13457,LG/M-W/PU,JM-WV,1,,Wild,Wild,Wild,Parent,Naive,2019/20,1,2,2015/2016,N/A,CP8228,Y/LG-Y/M,HJ-GYPM,4,,Wild,Wild,Wild,Parent,Experienced,2017/18,2,6,30/11/2019,N/A,0,N/A,,N/A,08/12/2019,11/12/2019,N/A,N/A,0,0,26/12/2019,,N/A,N/A,19/01/2020,25/01/2020,30,Unhatched,Hihi + Unhatched,Wild + Unhatched,N/A,N/A,Undeveloped,50,24/12/2019,13:35,24/12/2019,13:54,24/12/2019 13:35,24/12/2019 13:54,19,13,16
BH-2-3,,,TGAGTACG,GATCGTGT,plate-2,Hihi,Wild,Hihi + Wild,BH/2,BH/2,,S,1,4,2,2,2,2018/2019,N/A,CP13457,LG/M-W/PU,JM-WV,1,,Wild,Wild,Wild,Parent,Naive,2019/20,1,2,2015/2016,N/A,CP8228,Y/LG-Y/M,HJ-GYPM,4,,Wild,Wild,Wild,Parent,Experienced,2017/18,2,6,30/11/2019,N/A,0,N/A,,N/A,08/12/2019,11/12/2019,N/A,N/A,0,N/A,26/12/2019,,N/A,N/A,19/01/2020,25/01/2020,30,N/A,Hihi + N/A,Wild + N/A,N/A,N/A,N/A,50,24/12/2019,13:35,24/12/2019,13:54,24/12/2019 13:35,24/12/2019 13:54,19,13,16
BH-2-4,,,TGAGTACG,GTCAGATA,plate-2,Hihi,Wild,Hihi + Wild,BH/2,BH/2,,S,1,4,2,2,2,2018/2019,N/A,CP13457,LG/M-W/PU,JM-WV,1,,Wild,Wild,Wild,Parent,Naive,2019/20,1,2,2015/2016,N/A,CP8228,Y/LG-Y/M,HJ-GYPM,4,,Wild,Wild,Wild,Parent,Experienced,2017/18,2,6,30/11/2019,N/A,0,N/A,,N/A,08/12/2019,11/12/2019,N/A,N/A,0,N/A,26/12/2019,,N/A,N/A,19/01/2020,25/01/2020,30,N/A,Hihi + N/A,Wild + N/A,N/A,N/A,N/A,50,24/12/2019,13:35,24/12/2019,13:54,24/12/2019 13:35,24/12/2019 13:54,19,13,16
CH-1-1,,,CGAGCGAC,TACGAGAC,plate-2,Hihi,Wild,Hihi + Wild,CH/1,CH/1,,F,1,4,2,0,0,2018/2019,N/A,CP13507,LG/M-LB/PI,JM-SH,1,,Wild,Wild,Wild,Parent,Naive,2019/20,1,2,2018/2019,N/A,CP13069,DG/PU-O/M,GV-OM,1,,Wild,Wild,Wild,Parent,Naive,2019/20,1,1,N/A,N/A,0,N/A,,N/A,10/12/2019,13/12/2019,N/A,N/A,0,N/A,27/12/2019,,N/A,N/A,N/A,N/A,,N/A,Hihi + N/A,Wild + N/A,N/A,N/A,N/A,50,26/12/2019,10:24,26/12/2019,13:17,26/12/2019 10:24,26/12/2019 13:17,173,13,16
CH-1-2,,,CGAGCGAC,ACGTCTCG,plate-2,Hihi,Wild,Hihi + Wild,CH/1,CH/1,,F,1,4,2,0,0,2018/2019,N/A,CP13507,LG/M-LB/PI,JM-SH,1,,Wild,Wild,Wild,Parent,Naive,2019/20,1,2,2018/2019,N/A,CP13069,DG/PU-O/M,GV-OM,1,,Wild,Wild,Wild,Parent,Naive,2019/20,1,1,N/A,N/A,0,N/A,,N/A,10/12/2019,13/12/2019,N/A,N/A,0,N/A,27/12/2019,,N/A,N/A,N/A,N/A,,N/A,Hihi + N/A,Wild + N/A,N/A,N/A,N/A,50,26/12/2019,10:24,26/12/2019,13:17,26/12/2019 10:24,26/12/2019 13:17,173,13,16
CH-1-3,,,CGAGCGAC,TCGACGAG,plate-2,Hihi,Wild,Hihi + Wild,CH/1,CH/1,,F,1,4,2,0,0,2018/2019,N/A,CP13507,LG/M-LB/PI,JM-SH,1,,Wild,Wild,Wild,Parent,Naive,2019/20,1,2,2018/2019,N/A,CP13069,DG/PU-O/M,GV-OM,1,,Wild,Wild,Wild,Parent,Naive,2019/20,1,1,N/A,N/A,0,N/A,,N/A,10/12/2019,13/12/2019,N/A,N/A,0,N/A,27/12/2019,,N/A,N/A,N/A,N/A,,N/A,Hihi + N/A,Wild + N/A,N/A,N/A,N/A,50,26/12/2019,10:24,26/12/2019,13:17,26/12/2019 10:24,26/12/2019 13:17,173,13,16
CH-1-4,,,CGAGCGAC,GATCGTGT,plate-2,Hihi,Wild,Hihi + Wild,CH/1,CH/1,,F,1,4,2,0,0,2018/2019,N/A,CP13507,LG/M-LB/PI,JM-SH,1,,Wild,Wild,Wild,Parent,Naive,2019/20,1,2,2018/2019,N/A,CP13069,DG/PU-O/M,GV-OM,1,,Wild,Wild,Wild,Parent,Naive,2019/20,1,1,N/A,N/A,0,N/A,,N/A,10/12/2019,13/12/2019,N/A,N/A,0,N/A,27/12/2019,,N/A,N/A,N/A,N/A,,N/A,Hihi + N/A,Wild + N/A,N/A,N/A,N/A,50,26/12/2019,10:24,26/12/2019,13:17,26/12/2019 10:24,26/12/2019 13:17,173,13,16
FB-1-1,,,ACTACGAC,TCATCGAG,plate-1,Hihi,Wild,Hihi + Wild,FB/1,FB/1,,S,1,4,3,3,3,2015/2016,N/A,CP8214,PI/PI-RY/M,HH-GYPM,4,,Wild,Wild,Wild,Parent,Experienced,2016/17,2,5,2016/2017,N/A,CP11854,(DG)/LB-PI/M,GS-HM,3,,Wild,Wild,Wild,Parent,Experienced,2018/19,2,3,09/11/2019,N/A,0,N/A,,N/A,10/11/2019,13/11/2019,N/A,N/A,0,1,27/11/2019,,N/A,N/A,17/12/2019,27/12/2019,30,Hatched,Hihi + Hatched,Wild + Hatched,N/A,N/A,N/A,75,26/11/2019,12:15,26/11/2019,15:30,26/11/2019 12:15,26/11/2019 15:30,195,13,16
FB-1-2,,,ACTACGAC,CGTGAGTG,plate-1,Hihi,Wild,Hihi + Wild,FB/1,FB/1,,S,1,4,3,3,3,2015/2016,N/A,CP8214,PI/PI-RY/M,HH-GYPM,4,,Wild,Wild,Wild,Parent,Experienced,2016/17,2,5,2016/2017,N/A,CP11854,(DG)/LB-PI/M,GS-HM,3,,Wild,Wild,Wild,Parent,Experienced,2018/19,2,3,09/11/2019,N/A,0,N/A,,N/A,10/11/2019,13/11/2019,N/A,N/A,0,1,27/11/2019,,N/A,N/A,17/12/2019,27/12/2019,30,Hatched,Hihi + Hatched,Wild + Hatched,N/A,N/A,N/A,75,26/11/2019,12:15,26/11/2019,15:30,26/11/2019 12:15,26/11/2019 15:30,195,13,16
FB-1-3,,,ACTACGAC,GGATATCT,plate-1,Hihi,Wild,Hihi + Wild,FB/1,FB/1,,S,1,4,3,3,3,2015/2016,N/A,CP8214,PI/PI-RY/M,HH-GYPM,4,,Wild,Wild,Wild,Parent,Experienced,2016/17,2,5,2016/2017,N/A,CP11854,(DG)/LB-PI/M,GS-HM,3,,Wild,Wild,Wild,Parent,Experienced,2018/19,2,3,09/11/2019,N/A,0,N/A,,N/A,10/11/2019,13/11/2019,N/A,N/A,0,1,27/11/2019,,N/A,N/A,17/12/2019,27/12/2019,30,Hatched,Hihi + Hatched,Wild + Hatched,N/A,N/A,N/A,75,26/11/2019,12:15,26/11/2019,15:30,26/11/2019 12:15,26/11/2019 15:30,195,13,16
FB-1-4,,,ACTACGAC,GACACCGT,plate-1,Hihi,Wild,Hihi + Wild,FB/1,FB/1,,S,1,4,3,3,3,2015/2016,N/A,CP8214,PI/PI-RY/M,HH-GYPM,4,,Wild,Wild,Wild,Parent,Experienced,2016/17,2,5,2016/2017,N/A,CP11854,(DG)/LB-PI/M,GS-HM,3,,Wild,Wild,Wild,Parent,Experienced,2018/19,2,3,09/11/2019,N/A,0,N/A,,N/A,10/11/2019,13/11/2019,N/A,N/A,0,0,27/11/2019,,N/A,N/A,17/12/2019,27/12/2019,30,Unhatched,Hihi + Unhatched,Wild + Unhatched,Addled,N/A,Undeveloped,75,26/11/2019,12:15,26/11/2019,15:30,26/11/2019 12:15,26/11/2019 15:30,195,13,16
FL-4-1,,,ACGCTACT,TCATCGAG,plate-1,Hihi,Wild,Hihi + Wild,FL/4,FL/4,,S,1,5,4,4,4,2013/2014,N/A,C94406,BK/M-LB/W,NM-SW,6,,Wild,Wild,Wild,Parent,Experienced,2014/15,3,11,2013/2014,N/A,CP5100,BK/DB-LB/M,NB-SM,6,,Wild,Wild,Wild,Parent,Experienced,2014/15,1,5,08/11/2019,N/A,0,N/A,,N/A,15/11/2019,19/11/2019,N/A,N/A,0,1,04/12/2019,,N/A,N/A,25/12/2019,03/01/2020,30,Hatched,Hihi + Hatched,Wild + Hatched,N/A,N/A,N/A,80,02/12/2019,11:50,02/12/2019,13:55,02/12/2019 11:50,02/12/2019 13:55,125,13,17
FL-4-2,,,ACGCTACT,CGTGAGTG,plate-1,Hihi,Wild,Hihi + Wild,FL/4,FL/4,,S,1,5,4,4,4,2013/2014,N/A,C94406,BK/M-LB/W,NM-SW,6,,Wild,Wild,Wild,Parent,Experienced,2014/15,3,11,2013/2014,N/A,CP5100,BK/DB-LB/M,NB-SM,6,,Wild,Wild,Wild,Parent,Experienced,2014/15,1,5,08/11/2019,N/A,0,N/A,,N/A,15/11/2019,19/11/2019,N/A,N/A,0,0,04/12/2019,,N/A,N/A,25/12/2019,03/01/2020,30,Unhatched,Hihi + Unhatched,Wild + Unhatched,Undeveloped,N/A,Undeveloped,80,02/12/2019,11:50,02/12/2019,13:55,02/12/2019 11:50,02/12/2019 13:55,125,13,17
FL-4-3,,,ACGCTACT,GGATATCT,plate-1,Hihi,Wild,Hihi + Wild,FL/4,FL/4,,S,1,5,4,4,4,2013/2014,N/A,C94406,BK/M-LB/W,NM-SW,6,,Wild,Wild,Wild,Parent,Experienced,2014/15,3,11,2013/2014,N/A,CP5100,BK/DB-LB/M,NB-SM,6,,Wild,Wild,Wild,Parent,Experienced,2014/15,1,5,08/11/2019,N/A,0,N/A,,N/A,15/11/2019,19/11/2019,N/A,N/A,0,1,04/12/2019,,N/A,N/A,25/12/2019,03/01/2020,30,Hatched,Hihi + Hatched,Wild + Hatched,N/A,N/A,N/A,80,02/12/2019,11:50,02/12/2019,13:55,02/12/2019 11:50,02/12/2019 13:55,125,13,17
FL-4-4,,,ACGCTACT,GACACCGT,plate-1,Hihi,Wild,Hihi + Wild,FL/4,FL/4,,S,1,5,4,4,4,2013/2014,N/A,C94406,BK/M-LB/W,NM-SW,6,,Wild,Wild,Wild,Parent,Experienced,2014/15,3,11,2013/2014,N/A,CP5100,BK/DB-LB/M,NB-SM,6,,Wild,Wild,Wild,Parent,Experienced,2014/15,1,5,08/11/2019,N/A,0,N/A,,N/A,15/11/2019,19/11/2019,N/A,N/A,0,1,04/12/2019,,N/A,N/A,25/12/2019,03/01/2020,30,Hatched,Hihi + Hatched,Wild + Hatched,N/A,N/A,N/A,80,02/12/2019,11:50,02/12/2019,13:55,02/12/2019 11:50,02/12/2019 13:55,125,13,17
FL-4-5,,,ACTCACTG,ATCGTACG,plate-1,Hihi,Wild,Hihi + Wild,FL/4,FL/4,,S,1,5,4,4,4,2013/2014,N/A,C94406,BK/M-LB/W,NM-SW,6,,Wild,Wild,Wild,Parent,Experienced,2014/15,3,11,2013/2014,N/A,CP5100,BK/DB-LB/M,NB-SM,6,,Wild,Wild,Wild,Parent,Experienced,2014/15,1,5,08/11/2019,N/A,0,N/A,,N/A,15/11/2019,19/11/2019,N/A,N/A,0,1,04/12/2019,,N/A,N/A,25/12/2019,03/01/2020,30,Hatched,Hihi + Hatched,Wild + Hatched,N/A,N/A,N/A,80,02/12/2019,11:50,02/12/2019,13:55,02/12/2019 11:50,02/12/2019 13:55,125,13,17
KB-1-1,,,ACTCACTG,ACTATCTG,plate-1,Hihi,Wild,Hihi + Wild,KB/1,KB/1,,S,1,5,2,2,2,2013/2014,N/A,C94466,BK/M-LB/LB,NM-SS,6,,Wild,Wild,Wild,Parent,Experienced,2014/15,5,14,2018/2019,N/A,CP13447,LG/LG-LG/M,JJ-JM,1,,Wild,Wild,Wild,Parent,Naive,2019/20,1,1,08/11/2019,N/A,0,N/A,,N/A,23/11/2019,27/11/2019,N/A,N/A,0,N/A,11/12/2019,,N/A,N/A,31/12/2019,10/01/2020,30,N/A,Hihi + N/A,Wild + N/A,N/A,N/A,N/A,40,09/12/2019,09:50,09/12/2019,16:00,09/12/2019 09:50,09/12/2019 16:00,370,12,16
KB-1-2,,,ACTCACTG,TAGCGAGT,plate-1,Hihi,Wild,Hihi + Wild,KB/1,KB/1,,S,1,5,2,2,2,2013/2014,N/A,C94466,BK/M-LB/LB,NM-SS,6,,Wild,Wild,Wild,Parent,Experienced,2014/15,5,14,2018/2019,N/A,CP13447,LG/LG-LG/M,JJ-JM,1,,Wild,Wild,Wild,Parent,Naive,2019/20,1,1,08/11/2019,N/A,0,N/A,,N/A,23/11/2019,27/11/2019,N/A,N/A,0,N/A,11/12/2019,,N/A,N/A,31/12/2019,10/01/2020,30,N/A,Hihi + N/A,Wild + N/A,N/A,N/A,N/A,40,09/12/2019,09:50,09/12/2019,16:00,09/12/2019 09:50,09/12/2019 16:00,370,12,16
KB-1-3,,,ACTCACTG,CTGCGTGT,plate-1,Hihi,Wild,Hihi + Wild,KB/1,KB/1,,S,1,5,2,2,2,2013/2014,N/A,C94466,BK/M-LB/LB,NM-SS,6,,Wild,Wild,Wild,Parent,Experienced,2014/15,5,14,2018/2019,N/A,CP13447,LG/LG-LG/M,JJ-JM,1,,Wild,Wild,Wild,Parent,Naive,2019/20,1,1,08/11/2019,N/A,0,N/A,,N/A,23/11/2019,27/11/2019,N/A,N/A,0,N/A,11/12/2019,,N/A,N/A,31/12/2019,10/01/2020,30,N/A,Hihi + N/A,Wild + N/A,N/A,N/A,N/A,40,09/12/2019,09:50,09/12/2019,16:00,09/12/2019 09:50,09/12/2019 16:00,370,12,16
KB-1-4,,,ACTCACTG,TCATCGAG,plate-1,Hihi,Wild,Hihi + Wild,KB/1,KB/1,,S,1,5,2,2,2,2013/2014,N/A,C94466,BK/M-LB/LB,NM-SS,6,,Wild,Wild,Wild,Parent,Experienced,2014/15,5,14,2018/2019,N/A,CP13447,LG/LG-LG/M,JJ-JM,1,,Wild,Wild,Wild,Parent,Naive,2019/20,1,1,08/11/2019,N/A,0,N/A,,N/A,23/11/2019,27/11/2019,N/A,N/A,0,N/A,11/12/2019,,N/A,N/A,31/12/2019,10/01/2020,30,N/A,Hihi + N/A,Wild + N/A,N/A,N/A,N/A,40,09/12/2019,09:50,09/12/2019,16:00,09/12/2019 09:50,09/12/2019 16:00,370,12,16
KB-1-5,,,ACTCACTG,CGTGAGTG,plate-1,Hihi,Wild,Hihi + Wild,KB/1,KB/1,,S,1,5,2,2,2,2013/2014,N/A,C94466,BK/M-LB/LB,NM-SS,6,,Wild,Wild,Wild,Parent,Experienced,2014/15,5,14,2018/2019,N/A,CP13447,LG/LG-LG/M,JJ-JM,1,,Wild,Wild,Wild,Parent,Naive,2019/20,1,1,08/11/2019,N/A,0,N/A,,N/A,23/11/2019,27/11/2019,N/A,N/A,0,0,11/12/2019,,N/A,N/A,31/12/2019,10/01/2020,30,Unhatched,Hihi + Unhatched,Wild + Unhatched,N/A,N/A,Undeveloped,40,09/12/2019,09:50,09/12/2019,16:00,09/12/2019 09:50,09/12/2019 16:00,370,12,16
LHV-2-1,,,CGAGAGTT,TCGACGAG,plate-2,Hihi,Wild,Hihi + Wild,LHV/2,LHV/2,,S,1,4,3,3,3,2017/2018,N/A,CP12905,LB/M-LG/LB,SM-JS,2,,Wild,Wild,Wild,Parent,Experienced,2018/19,1,5,2016/2017,N/A,CP11806,W/PU-W/M,WV-WM,3,,Wild,Wild,Wild,Parent,Experienced,2018/19,1,4,15/11/2019,N/A,0,N/A,,N/A,03/12/2019,06/12/2019,N/A,N/A,0,N/A,20/12/2019,,N/A,N/A,10/01/2020,18/01/2020,29,N/A,Hihi + N/A,Wild + N/A,N/A,N/A,N/A,75,19/12/2019,16:30,19/12/2019,17:45,19/12/2019 16:30,19/12/2019 17:45,75,13,16
LHV-2-2,,,CGAGAGTT,GATCGTGT,plate-2,Hihi,Wild,Hihi + Wild,LHV/2,LHV/2,,S,1,4,3,3,3,2017/2018,N/A,CP12905,LB/M-LG/LB,SM-JS,2,,Wild,Wild,Wild,Parent,Experienced,2018/19,1,5,2016/2017,N/A,CP11806,W/PU-W/M,WV-WM,3,,Wild,Wild,Wild,Parent,Experienced,2018/19,1,4,15/11/2019,N/A,0,N/A,,N/A,03/12/2019,06/12/2019,N/A,N/A,0,N/A,20/12/2019,,N/A,N/A,10/01/2020,18/01/2020,29,N/A,Hihi + N/A,Wild + N/A,N/A,N/A,N/A,75,19/12/2019,16:30,19/12/2019,17:45,19/12/2019 16:30,19/12/2019 17:45,75,13,16
LHV-2-3,,,CGAGAGTT,GTCAGATA,plate-2,Hihi,Wild,Hihi + Wild,LHV/2,LHV/2,,S,1,4,3,3,3,2017/2018,N/A,CP12905,LB/M-LG/LB,SM-JS,2,,Wild,Wild,Wild,Parent,Experienced,2018/19,1,5,2016/2017,N/A,CP11806,W/PU-W/M,WV-WM,3,,Wild,Wild,Wild,Parent,Experienced,2018/19,1,4,15/11/2019,N/A,0,N/A,,N/A,03/12/2019,06/12/2019,N/A,N/A,0,N/A,20/12/2019,,N/A,N/A,10/01/2020,18/01/2020,29,N/A,Hihi + N/A,Wild + N/A,N/A,N/A,N/A,75,19/12/2019,16:30,19/12/2019,17:45,19/12/2019 16:30,19/12/2019 17:45,75,13,16
LHV-2-4,,,GACATAGT,CTACTATA,plate-2,Hihi,Wild,Hihi + Wild,LHV/2,LHV/2,,S,1,4,3,3,3,2017/2018,N/A,CP12905,LB/M-LG/LB,SM-JS,2,,Wild,Wild,Wild,Parent,Experienced,2018/19,1,5,2016/2017,N/A,CP11806,W/PU-W/M,WV-WM,3,,Wild,Wild,Wild,Parent,Experienced,2018/19,1,4,15/11/2019,N/A,0,N/A,,N/A,03/12/2019,06/12/2019,N/A,N/A,0,N/A,20/12/2019,,N/A,N/A,10/01/2020,18/01/2020,29,N/A,Hihi + N/A,Wild + N/A,N/A,N/A,N/A,75,19/12/2019,16:30,19/12/2019,17:45,19/12/2019 16:30,19/12/2019 17:45,75,13,16
LHV-6-1,,,ACTCACTG,ACGTCTCG,plate-2,Hihi,Wild,Hihi + Wild,LHV/6,LHV/6,,S,1,4,4,2,2,2018/2019,N/A,CP13052,O/M-PU/PI,OM-VH,1,,Wild,Wild,Wild,Parent,Naive,2019/20,1,3,2018/2019,N/A,CP13070,PU/Y-O/M,VY-OM,1,,Wild,Wild,Wild,Parent,Naive,2019/20,1,2,N/A,04/01/2020,0,N/A,,N/A,08/12/2019,11/12/2019,N/A,N/A,0,1,25/12/2019,,N/A,N/A,14/01/2020,25/01/2020,31,Hatched,Hihi + Hatched,Wild + Hatched,N/A,N/A,N/A,100,24/12/2019,11:40,24/12/2019,12:55,24/12/2019 11:40,24/12/2019 12:55,75,13,16
LHV-6-2,,,ACTCACTG,TCGACGAG,plate-2,Hihi,Wild,Hihi + Wild,LHV/6,LHV/6,,S,1,4,4,2,2,2018/2019,N/A,CP13052,O/M-PU/PI,OM-VH,1,,Wild,Wild,Wild,Parent,Naive,2019/20,1,3,2018/2019,N/A,CP13070,PU/Y-O/M,VY-OM,1,,Wild,Wild,Wild,Parent,Naive,2019/20,1,2,N/A,04/01/2020,0,N/A,,N/A,08/12/2019,11/12/2019,N/A,N/A,0,1,25/12/2019,,N/A,N/A,14/01/2020,25/01/2020,31,Hatched,Hihi + Hatched,Wild + Hatched,N/A,N/A,N/A,100,24/12/2019,11:40,24/12/2019,12:55,24/12/2019 11:40,24/12/2019 12:55,75,13,16
LHV-6-3,,,ACTCACTG,GATCGTGT,plate-2,Hihi,Wild,Hihi + Wild,LHV/6,LHV/6,,S,1,4,4,2,2,2018/2019,N/A,CP13052,O/M-PU/PI,OM-VH,1,,Wild,Wild,Wild,Parent,Naive,2019/20,1,3,2018/2019,N/A,CP13070,PU/Y-O/M,VY-OM,1,,Wild,Wild,Wild,Parent,Naive,2019/20,1,2,N/A,04/01/2020,0,N/A,,N/A,08/12/2019,11/12/2019,N/A,N/A,0,1,25/12/2019,,N/A,N/A,14/01/2020,25/01/2020,31,Hatched,Hihi + Hatched,Wild + Hatched,N/A,N/A,N/A,100,24/12/2019,11:40,24/12/2019,12:55,24/12/2019 11:40,24/12/2019 12:55,75,13,16
LHV-6-4,,,ACTCACTG,GTCAGATA,plate-2,Hihi,Wild,Hihi + Wild,LHV/6,LHV/6,,S,1,4,4,2,2,2018/2019,N/A,CP13052,O/M-PU/PI,OM-VH,1,,Wild,Wild,Wild,Parent,Naive,2019/20,1,3,2018/2019,N/A,CP13070,PU/Y-O/M,VY-OM,1,,Wild,Wild,Wild,Parent,Naive,2019/20,1,2,N/A,04/01/2020,0,N/A,,N/A,08/12/2019,11/12/2019,N/A,N/A,0,1,25/12/2019,,N/A,N/A,14/01/2020,25/01/2020,31,Hatched,Hihi + Hatched,Wild + Hatched,N/A,N/A,N/A,100,24/12/2019,11:40,24/12/2019,12:55,24/12/2019 11:40,24/12/2019 12:55,75,13,16
MC-1,,,TATAGCGA,GGATATCT,plate-1,,,,,,,,,,,,,,,,,,,,,,,,,,,,,,,,,,,,,,,,,,,,,,,,,,,,,,,,,,,,,,,,,,,,,,,,,,,,,
MC-2,,,TATAGCGA,GATCGTGT,plate-2,,,,,,,,,,,,,,,,,,,,,,,,,,,,,,,,,,,,,,,,,,,,,,,,,,,,,,,,,,,,,,,,,,,,,,,,,,,,,
MC-3,,,ATAGTACC,TCGACGAG,plate-3,,,,,,,,,,,,,,,,,,,,,,,,,,,,,,,,,,,,,,,,,,,,,,,,,,,,,,,,,,,,,,,,,,,,,,,,,,,,,
NTC-1,,,TATAGCGA,GACACCGT,plate-1,,,,,,,,,,,,,,,,,,,,,,,,,,,,,,,,,,,,,,,,,,,,,,,,,,,,,,,,,,,,,,,,,,,,,,,,,,,,,
NTC-2,,,TATAGCGA,GTCAGATA,plate-2,,,,,,,,,,,,,,,,,,,,,,,,,,,,,,,,,,,,,,,,,,,,,,,,,,,,,,,,,,,,,,,,,,,,,,,,,,,,,
NTC-3,,,ATAGTACC,GATCGTGT,plate-3,,,,,,,,,,,,,,,,,,,,,,,,,,,,,,,,,,,,,,,,,,,,,,,,,,,,,,,,,,,,,,,,,,,,,,,,,,,,,
SC-4-1,,,CTGCGTAG,TAGCGAGT,plate-1,Hihi,Wild,Hihi + Wild,SC/4,SC/4,,S,1,4,3,3,3,2018/2019,N/A,CP13047,O/M-DG/PU,OM-GV,1,,Wild,Wild,Wild,Parent,Naive,2019/20,1,2,2017/2018,N/A,CP13019,PU/R-R/M,VR-RM,2,,Wild,Wild,Wild,Parent,Naive,2019/20,1,0,10/11/2019,N/A,0,N/A,,N/A,20/11/2019,23/11/2019,N/A,N/A,0,N/A,08/12/2019,,N/A,N/A,29/12/2019,07/01/2020,30,N/A,Hihi + N/A,Wild + N/A,N/A,N/A,N/A,75,05/12/2019,14:55,05/12/2019,17:40,05/12/2019 14:55,05/12/2019 17:40,165,12,15
SC-4-2,,,CTGCGTAG,CTGCGTGT,plate-1,Hihi,Wild,Hihi + Wild,SC/4,SC/4,,S,1,4,3,3,3,2018/2019,N/A,CP13047,O/M-DG/PU,OM-GV,1,,Wild,Wild,Wild,Parent,Naive,2019/20,1,2,2017/2018,N/A,CP13019,PU/R-R/M,VR-RM,2,,Wild,Wild,Wild,Parent,Naive,2019/20,1,0,10/11/2019,N/A,0,N/A,,N/A,20/11/2019,23/11/2019,N/A,N/A,0,N/A,08/12/2019,,N/A,N/A,29/12/2019,07/01/2020,30,N/A,Hihi + N/A,Wild + N/A,N/A,N/A,N/A,75,05/12/2019,14:55,05/12/2019,17:40,05/12/2019 14:55,05/12/2019 17:40,165,12,15
SC-4-3,,,CTGCGTAG,TCATCGAG,plate-1,Hihi,Wild,Hihi + Wild,SC/4,SC/4,,S,1,4,3,3,3,2018/2019,N/A,CP13047,O/M-DG/PU,OM-GV,1,,Wild,Wild,Wild,Parent,Naive,2019/20,1,2,2017/2018,N/A,CP13019,PU/R-R/M,VR-RM,2,,Wild,Wild,Wild,Parent,Naive,2019/20,1,0,10/11/2019,N/A,0,N/A,,N/A,20/11/2019,23/11/2019,N/A,N/A,0,N/A,08/12/2019,,N/A,N/A,29/12/2019,07/01/2020,30,N/A,Hihi + N/A,Wild + N/A,N/A,N/A,N/A,75,05/12/2019,14:55,05/12/2019,17:40,05/12/2019 14:55,05/12/2019 17:40,165,12,15
SC-4-4,,,CTGCGTAG,CGTGAGTG,plate-1,Hihi,Wild,Hihi + Wild,SC/4,SC/4,,S,1,4,3,3,3,2018/2019,N/A,CP13047,O/M-DG/PU,OM-GV,1,,Wild,Wild,Wild,Parent,Naive,2019/20,1,2,2017/2018,N/A,CP13019,PU/R-R/M,VR-RM,2,,Wild,Wild,Wild,Parent,Naive,2019/20,1,0,10/11/2019,N/A,0,N/A,,N/A,20/11/2019,23/11/2019,N/A,N/A,0,N/A,08/12/2019,,N/A,N/A,29/12/2019,07/01/2020,30,N/A,Hihi + N/A,Wild + N/A,N/A,N/A,N/A,75,05/12/2019,14:55,05/12/2019,17:40,05/12/2019 14:55,05/12/2019 17:40,165,12,15
SD-3-1,,,ACGCTACT,CTGCGTGT,plate-1,Hihi,Wild,Hihi + Wild,SD/3,SD/3,,S,1,5,4,3,3,2015/2016,N/A,CP8238,BK/PU-RY/M,NV-GYPM,4,,Wild,Wild,Wild,Parent,Experienced,2016/17,2,10,2016/2017,N/A,CP9253,R/LB-W/M,RS-WM,3,,Wild,Wild,Wild,Parent,Experienced,2018/19,1,1,08/11/2019,17/12/2019,0,N/A,,N/A,10/11/2019,14/11/2019,N/A,N/A,0,N/A,28/11/2019,,N/A,N/A,17/12/2019,28/12/2019,29,N/A,Hihi + N/A,Wild + N/A,N/A,N/A,N/A,80,27/11/2019,10:05,27/11/2019,17:45,27/11/2019 10:05,27/11/2019 17:45,460,13,17
SD-3-2,,,TAGTCTCC,CTGCGTGT,plate-1,Hihi,Wild,Hihi + Wild,SD/3,SD/3,,S,1,5,4,3,3,2015/2016,N/A,CP8238,BK/PU-RY/M,NV-GYPM,4,,Wild,Wild,Wild,Parent,Experienced,2016/17,2,10,2016/2017,N/A,CP9253,R/LB-W/M,RS-WM,3,,Wild,Wild,Wild,Parent,Experienced,2018/19,1,1,08/11/2019,17/12/2019,0,N/A,,N/A,10/11/2019,14/11/2019,N/A,N/A,0,N/A,28/11/2019,,N/A,N/A,17/12/2019,28/12/2019,29,N/A,Hihi + N/A,Wild + N/A,N/A,N/A,N/A,80,27/11/2019,10:05,27/11/2019,17:45,27/11/2019 10:05,27/11/2019 17:45,460,13,17
SD-5-5,,,GTCTGCTA,CTGCGTGT,plate-1,Hihi,Wild,Hihi + Wild,SD/5,SD/3,,S,1,5,4,3,3,2015/2016,N/A,CP8238,BK/PU-RY/M,NV-GYPM,4,,Wild,Wild,Wild,Parent,Experienced,2016/17,2,10,2016/2017,N/A,CP9253,R/LB-W/M,RS-WM,3,,Wild,Wild,Wild,Parent,Experienced,2018/19,1,1,08/11/2019,17/12/2019,0,N/A,,N/A,10/11/2019,14/11/2019,N/A,N/A,0,N/A,28/11/2019,,N/A,N/A,17/12/2019,28/12/2019,29,N/A,Hihi + N/A,Wild + N/A,N/A,N/A,N/A,80,27/11/2019,10:05,27/11/2019,17:45,27/11/2019 10:05,27/11/2019 17:45,460,13,17
SD-5-6,,,GTCTGCTA,TCATCGAG,plate-1,Hihi,Wild,Hihi + Wild,SD/5,SD/3,,S,1,5,4,3,3,2015/2016,N/A,CP8238,BK/PU-RY/M,NV-GYPM,4,,Wild,Wild,Wild,Parent,Experienced,2016/17,2,10,2016/2017,N/A,CP9253,R/LB-W/M,RS-WM,3,,Wild,Wild,Wild,Parent,Experienced,2018/19,1,1,08/11/2019,17/12/2019,0,N/A,,N/A,10/11/2019,14/11/2019,N/A,N/A,0,N/A,28/11/2019,,N/A,N/A,17/12/2019,28/12/2019,29,N/A,Hihi + N/A,Wild + N/A,N/A,N/A,N/A,80,27/11/2019,10:05,27/11/2019,17:45,27/11/2019 10:05,27/11/2019 17:45,460,13,17
SD-5-7,,,GTCTGCTA,CGTGAGTG,plate-1,Hihi,Wild,Hihi + Wild,SD/5,SD/3,,S,1,5,4,3,3,2015/2016,N/A,CP8238,BK/PU-RY/M,NV-GYPM,4,,Wild,Wild,Wild,Parent,Experienced,2016/17,2,10,2016/2017,N/A,CP9253,R/LB-W/M,RS-WM,3,,Wild,Wild,Wild,Parent,Experienced,2018/19,1,1,08/11/2019,17/12/2019,0,N/A,,N/A,10/11/2019,14/11/2019,N/A,N/A,0,N/A,28/11/2019,,N/A,N/A,17/12/2019,28/12/2019,29,N/A,Hihi + N/A,Wild + N/A,N/A,N/A,N/A,80,27/11/2019,10:05,27/11/2019,17:45,27/11/2019 10:05,27/11/2019 17:45,460,13,17
SV-3-1,,,CTGCGTAG,ACGTCTCG,plate-2,Hihi,Wild,Hihi + Wild,SV/3,SV/3,,S,1,4,3,3,3,2018/2019,N/A,CP13505,O/M-PU/LB,OM-VS,1,,Wild,Wild,Wild,Parent,Naive,2019/20,1,2,2013/2014,N/A,C94456,LB/DB-DB/M,SB-BM,6,,Wild,Wild,Wild,Parent,Experienced,2015/16,2,5,04/12/2019,N/A,0,N/A,,N/A,06/12/2019,09/12/2019,N/A,N/A,0,1,24/12/2019,,N/A,N/A,14/01/2020,22/01/2020,29,Hatched,Hihi + Hatched,Wild + Hatched,N/A,N/A,N/A,75,22/12/2019,09:45,22/12/2019,14:15,22/12/2019 09:45,22/12/2019 14:15,270,13,16
SV-3-2,,,CTGCGTAG,TCGACGAG,plate-2,Hihi,Wild,Hihi + Wild,SV/3,SV/3,,S,1,4,3,3,3,2018/2019,N/A,CP13505,O/M-PU/LB,OM-VS,1,,Wild,Wild,Wild,Parent,Naive,2019/20,1,2,2013/2014,N/A,C94456,LB/DB-DB/M,SB-BM,6,,Wild,Wild,Wild,Parent,Experienced,2015/16,2,5,04/12/2019,N/A,0,N/A,,N/A,06/12/2019,09/12/2019,N/A,N/A,0,1,24/12/2019,,N/A,N/A,14/01/2020,22/01/2020,29,Hatched,Hihi + Hatched,Wild + Hatched,N/A,N/A,N/A,75,22/12/2019,09:45,22/12/2019,14:15,22/12/2019 09:45,22/12/2019 14:15,270,13,16
SV-3-3,,,CTGCGTAG,GATCGTGT,plate-2,Hihi,Wild,Hihi + Wild,SV/3,SV/3,,S,1,4,3,3,3,2018/2019,N/A,CP13505,O/M-PU/LB,OM-VS,1,,Wild,Wild,Wild,Parent,Naive,2019/20,1,2,2013/2014,N/A,C94456,LB/DB-DB/M,SB-BM,6,,Wild,Wild,Wild,Parent,Experienced,2015/16,2,5,04/12/2019,N/A,0,N/A,,N/A,06/12/2019,09/12/2019,N/A,N/A,0,0,24/12/2019,,N/A,N/A,14/01/2020,22/01/2020,29,Unhatched,Hihi + Unhatched,Wild + Unhatched,Addled,N/A,Undeveloped,75,22/12/2019,09:45,22/12/2019,14:15,22/12/2019 09:45,22/12/2019 14:15,270,13,16
SV-3-4,,,CTGCGTAG,GTCAGATA,plate-2,Hihi,Wild,Hihi + Wild,SV/3,SV/3,,S,1,4,3,3,3,2018/2019,N/A,CP13505,O/M-PU/LB,OM-VS,1,,Wild,Wild,Wild,Parent,Naive,2019/20,1,2,2013/2014,N/A,C94456,LB/DB-DB/M,SB-BM,6,,Wild,Wild,Wild,Parent,Experienced,2015/16,2,5,04/12/2019,N/A,0,N/A,,N/A,06/12/2019,09/12/2019,N/A,N/A,0,1,24/12/2019,,N/A,N/A,14/01/2020,22/01/2020,29,Hatched,Hihi + Hatched,Wild + Hatched,N/A,N/A,N/A,75,22/12/2019,09:45,22/12/2019,14:15,22/12/2019 09:45,22/12/2019 14:15,270,13,16
SV-4-1,,,ACGCTACT,ACGTCTCG,plate-2,Hihi,Wild,Hihi + Wild,SV/4,SV/4,,S,1,3,2,2,2,2017/2018,N/A,CP12983,LB/M-LG/PU,SM-JV,2,,Wild,Wild,Wild,Parent,Experienced,2018/19,2,4,2016/2017,N/A,CP11860,LB/LG-PI/M,SJ-HM,3,,Wild,Wild,Wild,Parent,Experienced,2018/19,2,8,10/11/2019,N/A,0,N/A,,N/A,26/11/2019,28/11/2019,N/A,N/A,0,N/A,13/12/2019,,N/A,N/A,05/01/2020,11/01/2020,29,N/A,Hihi + N/A,Wild + N/A,N/A,N/A,N/A,66.66666667,11/12/2019,11:05,11/12/2019,16:20,11/12/2019 11:05,11/12/2019 16:20,315,13,15
SV-4-2,,,ACGCTACT,TCGACGAG,plate-2,Hihi,Wild,Hihi + Wild,SV/4,SV/4,,S,1,3,2,2,2,2017/2018,N/A,CP12983,LB/M-LG/PU,SM-JV,2,,Wild,Wild,Wild,Parent,Experienced,2018/19,2,4,2016/2017,N/A,CP11860,LB/LG-PI/M,SJ-HM,3,,Wild,Wild,Wild,Parent,Experienced,2018/19,2,8,10/11/2019,N/A,0,N/A,,N/A,26/11/2019,28/11/2019,N/A,N/A,0,N/A,13/12/2019,,N/A,N/A,05/01/2020,11/01/2020,29,N/A,Hihi + N/A,Wild + N/A,N/A,N/A,N/A,66.66666667,11/12/2019,11:05,11/12/2019,16:20,11/12/2019 11:05,11/12/2019 16:20,315,13,15
SV-4-3,,,ACGCTACT,GATCGTGT,plate-2,Hihi,Wild,Hihi + Wild,SV/4,SV/4,,S,1,3,2,2,2,2017/2018,N/A,CP12983,LB/M-LG/PU,SM-JV,2,,Wild,Wild,Wild,Parent,Experienced,2018/19,2,4,2016/2017,N/A,CP11860,LB/LG-PI/M,SJ-HM,3,,Wild,Wild,Wild,Parent,Experienced,2018/19,2,8,10/11/2019,N/A,0,N/A,,N/A,26/11/2019,28/11/2019,N/A,N/A,0,N/A,13/12/2019,,N/A,N/A,05/01/2020,11/01/2020,29,N/A,Hihi + N/A,Wild + N/A,N/A,N/A,N/A,66.66666667,11/12/2019,11:05,11/12/2019,16:20,11/12/2019 11:05,11/12/2019 16:20,315,13,15